case_name,method,lambda_gain,final_rmse_all,final_rmse_inlier,final_fitness,final_rotation_error_deg,final_translation_error,final_alignment_error,mean_alignment_error,iae_alignment,ise_alignment,tv_translation_update,tv_rotation_update,mean_selected_correspondences,mean_predicted_weight
real_20260626_143302_palletizer_005_part_2_refined_from_voxel005,distance_weighted_icp,0.1,0.09405897262063319,0.0367920602789517,0.32666666666666666,4.901125494312368,0.05049616218493651,0.1935663897486934,0.19995341251192814,5.1987887253101315,1.0399181759331868,0.0005600450793489943,0.024632852923495954,2500.0,0.30282229394706917
real_20260626_143302_palletizer_005_part_2_refined_from_voxel005,distance_weighted_icp,0.2,0.09291884252149277,0.036322919355232325,0.3353333333333333,4.567374142579469,0.04403431622967877,0.18262690017696623,0.1940396531144106,5.045030980974675,0.9802686759576968,0.0011892680800657891,0.058178706065866476,2500.0,0.3049257559223408
real_20260626_143302_palletizer_005_part_2_refined_from_voxel005,distance_weighted_icp,0.4,0.09089933575156432,0.036259611493260645,0.37233333333333335,3.7337285406666476,0.034130789427221565,0.16236741058545237,0.18306275751703377,4.759631695442878,0.8758408026601717,0.0028109505749350366,0.14372338992960562,2500.0,0.3096106859336375
real_20260626_143302_palletizer_005_part_2_refined_from_voxel005,distance_weighted_icp,0.75,0.08944252474579151,0.03599563900003944,0.40166666666666667,2.509385831910263,0.022639852265208555,0.1371762353301027,0.16714064372231496,4.345656736780189,0.7376349294165132,0.006085189993651421,0.33534511986663323,2500.0,0.3141298885312124
real_20260626_143302_palletizer_005_part_2_refined_from_voxel005,distance_weighted_icp,1.0,0.08890659509862046,0.03548477578633369,0.4076666666666667,1.83320201770822,0.01732143076890397,0.12456004604460663,0.15830779649133098,4.116002708774605,0.6670672468165243,0.008917216071016186,0.413752128044487,2500.0,0.31648345540245904
real_20260626_143302_palletizer_005_part_2_refined_from_voxel005,mlp_weighted_icp,0.1,0.09363303743336626,0.03666052118427062,0.32966666666666666,4.800896696536871,0.048659979160138034,0.190301983558873,0.19811692273203055,5.151039991032794,1.0211421668307743,0.0008126480673113451,0.03607733198319478,2500.0,0.3135224561905832
real_20260626_143302_palletizer_005_part_2_refined_from_voxel005,mlp_weighted_icp,0.2,0.09203303310770312,0.036133726803843455,0.3463333333333333,4.335874370693124,0.03968406972140956,0.17507584653604394,0.1904703164718003,4.952228228266808,0.9455073821408793,0.0017641661006860946,0.08184113189973163,2500.0,0.3169115500234243
real_20260626_143302_palletizer_005_part_2_refined_from_voxel005,mlp_weighted_icp,0.4,0.09007878694115856,0.035867726418023785,0.37666666666666665,3.312287421951751,0.027339075691916875,0.15054073685259295,0.17624732570930682,4.582430468441977,0.8151307152565093,0.0043163249524507084,0.1937908980706078,2500.0,0.32081468966534044
real_20260626_143302_palletizer_005_part_2_refined_from_voxel005,mlp_weighted_icp,0.75,0.08870764976562673,0.03554800783277267,0.4063333333333333,2.017078401859803,0.01507489043051179,0.12395332421473654,0.1577427584261768,4.101311719080597,0.6630938329029479,0.009083164290680344,0.38844414095755136,2500.0,0.32608470746532225
real_20260626_143302_palletizer_005_part_2_refined_from_voxel005,mlp_weighted_icp,1.0,0.08844534939167831,0.035506012198555495,0.415,1.4815735471517413,0.011118131321085457,0.11437921618428118,0.14888638263193776,3.871045948430382,0.5965312958905521,0.012882772327947533,0.5948671958320614,2500.0,0.3285935751767442
real_20260626_143302_palletizer_005_part_2_refined_from_voxel005,unweighted_icp,0.1,0.09126836125872695,0.03644514071895303,0.35133333333333333,4.143454595553611,0.041908002261559205,0.17461090947582228,0.18900261943907395,4.9140681054159225,0.9311581543166982,0.0016908644196794785,0.08493621418376743,2500.0,0.303393360518308
real_20260626_143302_palletizer_005_part_2_refined_from_voxel005,unweighted_icp,0.2,0.08861386201548425,0.03592508861059583,0.36466666666666664,3.5805946203939807,0.0361873796425209,0.16060718786194497,0.17767990906298692,4.61967763563766,0.8259300412791433,0.003777970594922834,0.1947412708358337,2500.0,0.30637858808124563
real_20260626_143302_palletizer_005_part_2_refined_from_voxel005,unweighted_icp,0.4,0.08503183563779734,0.035927768477158825,0.3993333333333333,3.4074689994563925,0.03879905610166335,0.1579055817340246,0.1674758935134344,4.354373231349294,0.7349416977364897,0.008587876641010156,0.47585768915137616,2500.0,0.31046212767582104
real_20260626_143302_palletizer_005_part_2_refined_from_voxel005,unweighted_icp,0.75,0.08340210336150553,0.036235486549907214,0.3973333333333333,3.7413412054497552,0.04716209648058821,0.16797761189659127,0.1658501381296179,4.312103591370065,0.7188757115669316,0.01673583994466444,0.9588851368546647,2500.0,0.31474050119407126
real_20260626_143302_palletizer_005_part_2_refined_from_voxel005,unweighted_icp,1.0,0.0834006027266661,0.03623099078540158,0.3913333333333333,3.6699539037613262,0.05032238651623518,0.17042252828051457,0.16680887437964495,4.337030733870769,0.7265831884647201,0.022637946910474403,1.331176983144436,2500.0,0.31622607137357406
real_20260626_144015_pallet_rack_05_part1_refined_from_voxel005,distance_weighted_icp,0.1,0.05495957991208513,0.034570371227965406,0.5794530672579453,4.568073640053316,0.04241915517101494,0.14305947148363324,0.14907143313850987,3.875857261601257,0.5781567873251929,0.000466225253163481,0.051344448826227324,1353.0,0.24106348350891912
real_20260626_144015_pallet_rack_05_part1_refined_from_voxel005,distance_weighted_icp,0.2,0.05351145320469909,0.034375008199765876,0.6045824094604583,4.067034446745645,0.03746358300585558,0.13164538067801113,0.14317531913026882,3.7225582973869895,0.5343081528125785,0.001112905307182637,0.12910475160526166,1353.0,0.2429739016692758
real_20260626_144015_pallet_rack_05_part1_refined_from_voxel005,distance_weighted_icp,0.4,0.052158108966870384,0.03395107413906092,0.6282335550628233,3.332355825990089,0.029388926441797913,0.1148705936685692,0.13291555951855624,3.4558045474824626,0.4633173716548689,0.002430751897341513,0.26459566018411673,1353.0,0.24760980087103324
real_20260626_144015_pallet_rack_05_part1_refined_from_voxel005,distance_weighted_icp,0.75,0.05101250382759286,0.03337861507045805,0.647450110864745,2.3923458821194656,0.022298528852306605,0.09723449150109412,0.12005413703776717,3.1214075629819464,0.3827625617541971,0.004884945019993969,0.5970903690666931,1353.0,0.25258172998559103
real_20260626_144015_pallet_rack_05_part1_refined_from_voxel005,distance_weighted_icp,1.0,0.05080776922524432,0.03323113988095735,0.6504065040650406,2.005888754716001,0.020482756069305004,0.09134941284170933,0.11352100523406983,2.9515461360858155,0.344711495569118,0.0074483032781119275,0.8947085290120497,1353.0,0.2545596979595952
real_20260626_144015_pallet_rack_05_part1_refined_from_voxel005,mlp_weighted_icp,0.1,0.05444930475734118,0.03443384862573917,0.5868440502586844,4.413591497196232,0.04136834646237084,0.13995356619167434,0.14731718637535846,3.8302468457593197,0.5648335884904603,0.0006471594117392953,0.07822363039570751,1353.0,0.24095422058904564
real_20260626_144015_pallet_rack_05_part1_refined_from_voxel005,mlp_weighted_icp,0.2,0.05300061172524104,0.034090864560153596,0.6112342941611234,3.8483150239317823,0.03592749779761708,0.12741125976217593,0.14036943551789985,3.649605323465396,0.5141178252890548,0.0013255869775692963,0.15761120311734342,1353.0,0.24416713531876172
real_20260626_144015_pallet_rack_05_part1_refined_from_voxel005,mlp_weighted_icp,0.4,0.05167704244021286,0.033673908004702685,0.6407982261640798,3.161520212117474,0.0290278665818992,0.1123201111432868,0.12940399469776862,3.364503862141984,0.43995565240868845,0.0031032910745193544,0.4056868134482243,1353.0,0.24987265382763427
real_20260626_144015_pallet_rack_05_part1_refined_from_voxel005,mlp_weighted_icp,0.75,0.05126501550896461,0.03313109935770132,0.6430155210643016,2.9013938774788923,0.030605942693247044,0.11088489697700057,0.1203700131496726,3.1296203418914876,0.3820533578703181,0.007192826379136574,0.8302322475558801,1353.0,0.25442629243756226
real_20260626_144015_pallet_rack_05_part1_refined_from_voxel005,mlp_weighted_icp,1.0,0.051380971830957245,0.03335470023424551,0.6533628972653363,2.9825597692267087,0.03287252737314241,0.11407909689636675,0.11878123290685945,3.0883120555783456,0.3712441338456222,0.010673325602948409,1.0878164880171164,1353.0,0.25560981217070816
real_20260626_144015_pallet_rack_05_part1_refined_from_voxel005,unweighted_icp,0.1,0.053505993774041444,0.03464837814046378,0.6104951958610495,4.024007903785214,0.03815065802715612,0.1318967308390497,0.14236027010979438,3.7013670228546536,0.5282137176487041,0.0011842848433094722,0.11914330248602328,1353.0,0.24424018463560948
real_20260626_144015_pallet_rack_05_part1_refined_from_voxel005,unweighted_icp,0.2,0.05232371458808386,0.03396196322960867,0.6156688839615669,3.3558544990128767,0.0340543940165738,0.11993665359478643,0.13382630708059023,3.4794839840953458,0.4685318696835491,0.0026354368309381027,0.27720096427502317,1353.0,0.24740839106731327
real_20260626_144015_pallet_rack_05_part1_refined_from_voxel005,unweighted_icp,0.4,0.05110051238151757,0.033619178976850614,0.6400591278640059,2.308775580993865,0.0289008496697988,0.103089117861255,0.12254268588482996,3.186109833005579,0.39588868780338854,0.005891509471472492,0.5997847294949795,1353.0,0.25163333996766285
real_20260626_144015_pallet_rack_05_part1_refined_from_voxel005,unweighted_icp,0.75,0.050428354845656734,0.03355879623082156,0.6592756836659276,1.4116966350497246,0.027521625809306203,0.09206694700546018,0.11032725010306758,2.868508502679757,0.3244547803156181,0.012235494693303399,1.2490986904231711,1353.0,0.2565966864111769
real_20260626_144015_pallet_rack_05_part1_refined_from_voxel005,unweighted_icp,1.0,0.05029937434907332,0.03349637302042607,0.6629711751662971,1.1922349707497317,0.02775833909210059,0.08998006314867123,0.10585154743218551,2.7521402332368234,0.29945356442094867,0.01655067825775943,1.7736797912920081,1353.0,0.2580365618241624
real_20260626_161831_pallet_rack_cluster021_part1_ransac_icp_voxel005,distance_weighted_icp,0.1,0.08528157397766156,0.03474723458439859,0.4146341463414634,4.2642370603264155,0.033729477816941585,0.16165342239786729,0.17475287290372943,4.543574695496965,0.7957973373870791,0.001020894986184677,0.06714017795358676,1310.1923076923076,0.20218006284735157
real_20260626_161831_pallet_rack_cluster021_part1_ransac_icp_voxel005,distance_weighted_icp,0.2,0.0842822176215232,0.03475469447583066,0.4567627494456763,3.5773534204613164,0.022381111388605872,0.14243686321474222,0.16309941968760266,4.2405849118776695,0.6968135225665378,0.002458498912238609,0.1609231660871836,1308.076923076923,0.202687901472336
real_20260626_161831_pallet_rack_cluster021_part1_ransac_icp_voxel005,distance_weighted_icp,0.4,0.08381323568339948,0.03488409572558038,0.49002217294900224,2.7319501718207233,0.011820306655045918,0.12295304405665264,0.14758893286372715,3.837312254456906,0.5762695429548722,0.005560834256534546,0.3580007554485376,1307.0384615384614,0.20448808836429466
real_20260626_161831_pallet_rack_cluster021_part1_ransac_icp_voxel005,distance_weighted_icp,0.75,0.08325108359877104,0.03375486325635828,0.5188470066518847,1.5596888259089143,0.00897911240885965,0.10782708426671983,0.13082839598950144,3.4015382957270375,0.45990605574191984,0.011923224595312436,0.8373376868935359,1306.5384615384614,0.20908772967389486
real_20260626_161831_pallet_rack_cluster021_part1_ransac_icp_voxel005,distance_weighted_icp,1.0,0.08329354943165765,0.03358235303253748,0.5188470066518847,1.334250634908415,0.012200195434374918,0.10883625121511672,0.12545837798816825,3.2619178276923746,0.42351314735731577,0.016864989533970233,1.1796234629098514,1305.4615384615386,0.21159480362579314
real_20260626_161831_pallet_rack_cluster021_part1_ransac_icp_voxel005,mlp_weighted_icp,0.1,0.08430495066930194,0.03491059607546172,0.42645971914264597,3.7440966804074067,0.034713660303081595,0.1564595777764576,0.17192112012134178,4.469949123154886,0.7710244082218431,0.0011216647896659035,0.10331995549631084,1309.8461538461538,0.20137370848969788
real_20260626_161831_pallet_rack_cluster021_part1_ransac_icp_voxel005,mlp_weighted_icp,0.2,0.0835821699993176,0.03452273174431789,0.4634146341463415,2.6146725731863563,0.026476788843060386,0.13620568457424154,0.15860684991415488,4.123778097768027,0.6608497218009839,0.002708033458433549,0.2196802310311125,1309.423076923077,0.20178178430093202
real_20260626_161831_pallet_rack_cluster021_part1_ransac_icp_voxel005,mlp_weighted_icp,0.4,0.08485760179100289,0.03410020524056455,0.4959349593495935,1.2413133411290151,0.026126113294499015,0.12339684849679206,0.14336860283131192,3.72758367361411,0.5448854126963879,0.006292515821813824,0.5649670966184972,1308.1153846153845,0.20517409757064617
real_20260626_161831_pallet_rack_cluster021_part1_ransac_icp_voxel005,mlp_weighted_icp,0.75,0.08507237100313365,0.033472811375477064,0.5062823355506282,1.2197727224847186,0.01696601112796073,0.11423610935594157,0.13162218664972714,3.4221768528929055,0.4610729081110327,0.013111546219417578,1.2125538269685943,1302.2307692307693,0.20838034446437823
real_20260626_161831_pallet_rack_cluster021_part1_ransac_icp_voxel005,mlp_weighted_icp,1.0,0.08484145802031881,0.033500388263304925,0.5114560236511456,1.3337938174796502,0.012731512669050978,0.1109109088641663,0.1275334684148671,3.3158701787865446,0.43315385959092706,0.0197752258108265,1.6919641650187949,1300.2307692307693,0.21000187328056288
real_20260626_161831_pallet_rack_cluster021_part1_ransac_icp_voxel005,unweighted_icp,0.1,0.08065467161693239,0.035271127271167615,0.41832963784183297,4.641801774299411,0.03689905712066605,0.16397174648059257,0.17350044369380146,4.511011536038838,0.7842186553425975,0.002329552911913488,0.21280979766228,1313.0384615384614,0.20154017613589847
real_20260626_161831_pallet_rack_cluster021_part1_ransac_icp_voxel005,unweighted_icp,0.2,0.07876163552147072,0.03551683765588082,0.4530672579453067,4.518847827826153,0.03375604513205904,0.1577061589317913,0.16723345680615315,4.348069876959982,0.7292047539910747,0.0052001301877349065,0.47694142033289055,1314.4615384615386,0.20228064333365572
real_20260626_161831_pallet_rack_cluster021_part1_ransac_icp_voxel005,unweighted_icp,0.4,0.07717832246157015,0.03399220802506418,0.4811529933481153,4.1252408225430734,0.036250990463184925,0.1546817211501858,0.1615699627790191,4.200819032254497,0.6808883061492785,0.011324099986469924,1.0471079049176746,1315.9615384615386,0.20548607119052006
real_20260626_161831_pallet_rack_cluster021_part1_ransac_icp_voxel005,unweighted_icp,0.75,0.07707913851065469,0.03431705989143701,0.49223946784922396,3.9854378668475716,0.038057772541515836,0.15499128972064624,0.15879505347015488,4.128671390224027,0.6573282910342685,0.02231469110098278,2.096762759100713,1316.6153846153845,0.2078595337954471
real_20260626_161831_pallet_rack_cluster021_part1_ransac_icp_voxel005,unweighted_icp,1.0,0.07710097977169,0.03448388061848763,0.49519586104951957,3.980454251140265,0.03854308971650673,0.1554486119995994,0.1580075429879977,4.108196117687941,0.6506211289319669,0.029746455963813728,2.828500647052809,1316.3461538461538,0.20832629471622804
real_20260626_161911_pallet_rack_cluster021_part1_refined_from_voxel005,distance_weighted_icp,0.1,0.0858100980344494,0.03424182840009904,0.4279379157427938,4.008583532333065,0.04097453271728719,0.16687046607506725,0.1774491559799189,4.613678055477891,0.8198854458454877,0.0007693091637396481,0.0773172466809201,1306.3076923076924,0.2041833256191903
real_20260626_161911_pallet_rack_cluster021_part1_refined_from_voxel005,distance_weighted_icp,0.2,0.08475759326676448,0.03447946938873471,0.4582409460458241,3.1337184671465077,0.037941329261066026,0.15403610719929559,0.16867162846313624,4.385462340041542,0.742687173680931,0.001659717861035988,0.17956453183549106,1305.1923076923076,0.20463867729997134
real_20260626_161911_pallet_rack_cluster021_part1_refined_from_voxel005,distance_weighted_icp,0.4,0.0837098658121483,0.03506690068183687,0.5025868440502587,2.0385091605325223,0.0333073700725849,0.13740232749005843,0.15726469507314084,4.088882071901661,0.6486663310070597,0.003685410095086436,0.38854297680437444,1305.5,0.20662709775821464
real_20260626_161911_pallet_rack_cluster021_part1_refined_from_voxel005,distance_weighted_icp,0.75,0.08319198383466021,0.03399963988635219,0.5262379896526238,0.8061476556208708,0.02401491652729386,0.11526837691816277,0.14175327754053157,3.685585216053821,0.5338442321052055,0.008800634595656871,0.8374243818056206,1305.2692307692307,0.21138661065500072
real_20260626_161911_pallet_rack_cluster021_part1_refined_from_voxel005,distance_weighted_icp,1.0,0.08329472442122778,0.033482239539743205,0.5173688100517368,0.7375048293521237,0.022084987426405075,0.1127547601411541,0.13499076206807048,3.5097598137698327,0.4865302388138699,0.012251358140787406,1.1564853174649294,1304.3846153846155,0.21376120238342175
real_20260626_161911_pallet_rack_cluster021_part1_refined_from_voxel005,mlp_weighted_icp,0.1,0.08578073948227184,0.03425108685687856,0.4360679970436068,3.674858016514385,0.03828379175128603,0.16081311139870172,0.17359455539151186,4.513458440179308,0.7854394062503659,0.0011063573937357715,0.11202452282704675,1305.7307692307693,0.2044733556790617
real_20260626_161911_pallet_rack_cluster021_part1_refined_from_voxel005,mlp_weighted_icp,0.2,0.08528615201643365,0.034666203258189816,0.4737620103473762,2.6481798245934045,0.03422257448357145,0.14599052474593915,0.1631413214538759,4.241674357800773,0.6963208019164938,0.002613257861653103,0.2650873930939325,1304.423076923077,0.2065266538586197
real_20260626_161911_pallet_rack_cluster021_part1_refined_from_voxel005,mlp_weighted_icp,0.4,0.08617306407351231,0.033479482742739645,0.49297856614929786,1.2794813262873859,0.025837793881271925,0.1248056712176581,0.1494644722076462,3.886076277398801,0.5888725512519618,0.006464715906815137,0.5663568132273883,1302.8461538461538,0.2111122938685073
real_20260626_161911_pallet_rack_cluster021_part1_refined_from_voxel005,mlp_weighted_icp,0.75,0.08590815305506876,0.03285668176548725,0.5099778270509978,0.9869335110819712,0.011970306070052148,0.10774779423594061,0.13239213891511648,3.4421956117930286,0.469842334890257,0.012801207602613704,1.2227684891367139,1299.7307692307693,0.21592115965854164
real_20260626_161911_pallet_rack_cluster021_part1_refined_from_voxel005,mlp_weighted_icp,1.0,0.08608703009426265,0.03282958697455434,0.5092387287509239,1.046125898390861,0.011188450861820517,0.10773673993999178,0.12645132508412335,3.287734452187207,0.4297805884173887,0.018236301002581577,1.7343832785041522,1298.3461538461538,0.21726703267005607
real_20260626_161911_pallet_rack_cluster021_part1_refined_from_voxel005,unweighted_icp,0.1,0.08044510539666007,0.0355433610977371,0.43385070214338506,4.010996384016232,0.051196627902594556,0.17175169713941696,0.17812525145013636,4.631256537703545,0.8256425243058868,0.002649977626536653,0.20642993867116205,1309.9615384615386,0.20259256611337284
real_20260626_161911_pallet_rack_cluster021_part1_refined_from_voxel005,unweighted_icp,0.2,0.07835726957372471,0.03492448262171695,0.450849963045085,3.638555440076432,0.05140394369462657,0.1661467676691156,0.17368169389250868,4.5157240412052255,0.7852991363798064,0.005950392487961356,0.4542870191933227,1312.576923076923,0.20339661637284864
real_20260626_161911_pallet_rack_cluster021_part1_refined_from_voxel005,unweighted_icp,0.4,0.07715286307378591,0.034070772527585995,0.48410938654841096,3.2844092955712827,0.0498347674199409,0.15983172344943963,0.16809219118612678,4.3703969708392965,0.7362244138129062,0.012693745487718929,1.009176433465143,1315.1538461538462,0.20640783733228402
real_20260626_161911_pallet_rack_cluster021_part1_refined_from_voxel005,unweighted_icp,0.75,0.07706894883268577,0.03437436356147234,0.49371766444937176,3.192119923039961,0.04878316582786112,0.15777331389094648,0.16384498457559327,4.259969598965425,0.6996364196065568,0.025267656586475548,1.9777316858123375,1316.1923076923076,0.20829416594719913
real_20260626_161911_pallet_rack_cluster021_part1_refined_from_voxel005,unweighted_icp,1.0,0.07710439784016564,0.034533652581155413,0.4959349593495935,3.1966279157787603,0.04799279933771797,0.1570634763356712,0.16240957855936486,4.222649042543487,0.6873774940716862,0.033828098602428296,2.7431306935681325,1316.3461538461538,0.208393246175555
real_20260626_163327_pallet_rack_cluster022_part1_ransac_icp_voxel005,distance_weighted_icp,0.1,0.29287215137182093,0.035968404534781666,0.1130820399113082,3.8371457037117946,0.03932642181063664,0.3705700302195756,0.38259583543691367,9.947491721359755,3.8077010507944977,0.0017938410848278678,0.11213161891828613,565.4230769230769,0.06876516553968452
real_20260626_163327_pallet_rack_cluster022_part1_ransac_icp_voxel005,distance_weighted_icp,0.2,0.29051637073416664,0.0356816054515754,0.12416851441241686,2.9314327287107886,0.04165198592955278,0.3614826839508273,0.37401541609557576,9.72440081848497,3.6402540282583398,0.004207215847919294,0.2723367928113887,569.5769230769231,0.06930977017381997
real_20260626_163327_pallet_rack_cluster022_part1_ransac_icp_voxel005,distance_weighted_icp,0.4,0.28797494304841786,0.03517827106382807,0.1345158906134516,2.277394366187157,0.05421579645003113,0.36496468316032055,0.36842480564550384,9.5790449467831,3.5318539811710967,0.009564443778404862,0.6353869370911945,573.7307692307693,0.0706726982035273
real_20260626_163327_pallet_rack_cluster022_part1_ransac_icp_voxel005,distance_weighted_icp,0.75,0.28619981891368756,0.035457254272894714,0.1419068736141907,2.8513189441540385,0.06507737823055725,0.37979038658578523,0.3706224012420161,9.636182432292419,3.5733828549118085,0.018406215760203206,1.304013566111395,578.3461538461538,0.07236485455512025
real_20260626_163327_pallet_rack_cluster022_part1_ransac_icp_voxel005,distance_weighted_icp,1.0,0.28528239505290665,0.03532173308776995,0.14412416851441243,3.652930346740047,0.07186177921673181,0.3936734777370389,0.37504213451548474,9.751095497402604,3.6602641770152737,0.02564506222456012,1.697785484573119,578.6923076923077,0.07273975901771484
real_20260626_163327_pallet_rack_cluster022_part1_ransac_icp_voxel005,mlp_weighted_icp,0.1,0.29745105452804377,0.03534158822061292,0.11456023651145603,3.4334602789630138,0.049126627255712166,0.38091228457338605,0.3861230809578546,10.03920010490422,3.877189993177555,0.0023291331029192492,0.15879369794203824,560.1923076923077,0.06994106222090309
real_20260626_163327_pallet_rack_cluster022_part1_ransac_icp_voxel005,mlp_weighted_icp,0.2,0.3006293779902352,0.034875381571690026,0.12195121951219512,2.668809141900626,0.0639475963529155,0.39126506576215697,0.3856020159885049,10.025652415701128,3.866529042621247,0.005698365950755022,0.3759751373044327,557.5,0.07193624751517488
real_20260626_163327_pallet_rack_cluster022_part1_ransac_icp_voxel005,mlp_weighted_icp,0.4,0.3160367279336001,0.034675795111253314,0.13082039911308205,4.820957833689771,0.09588718426591693,0.4601334905364147,0.4049818155028981,10.52952720307535,4.280242007164396,0.012581932594195985,0.9415729986913142,545.8846153846154,0.07542497580397697
real_20260626_163327_pallet_rack_cluster022_part1_ransac_icp_voxel005,mlp_weighted_icp,0.75,0.3222276229406926,0.03493090915733698,0.1367331855136733,6.526372708070945,0.1160687082758216,0.5035600582972237,0.441495680122078,11.478887683174028,5.120108888180894,0.02753825674060227,1.9508490570962178,526.8846153846154,0.080010509338399
real_20260626_163327_pallet_rack_cluster022_part1_ransac_icp_voxel005,mlp_weighted_icp,1.0,0.32228268939205607,0.03457170666961524,0.13747228381374724,7.128017374495147,0.12025345251999607,0.5138163156570036,0.4599394839926223,11.95842658380818,5.565454258208737,0.03912804890408302,2.9952772058439603,519.0769230769231,0.08253384047324423
real_20260626_163327_pallet_rack_cluster022_part1_ransac_icp_voxel005,unweighted_icp,0.1,0.27384530549306796,0.037633684163094615,0.10125646711012565,3.2027282542596343,0.05188343751124647,0.35775602554691077,0.3659001602460889,9.513404166398312,3.484729888655294,0.007708542749076638,0.2620084163963394,615.1153846153846,0.06500523075735717
real_20260626_163327_pallet_rack_cluster022_part1_ransac_icp_voxel005,unweighted_icp,0.2,0.2679348602752009,0.03747131769337566,0.08943089430894309,2.699228046653437,0.07595987269290988,0.37088701343464514,0.36541736220524307,9.50085141733632,3.474124253538359,0.017234076626864277,0.5991954053236335,645.1923076923077,0.06287208440665794
real_20260626_163327_pallet_rack_cluster022_part1_ransac_icp_voxel005,unweighted_icp,0.4,0.2642680440670056,0.03782256210707484,0.07686622320768663,4.635709561766852,0.09662435884149537,0.40724949852616954,0.37898465934793596,9.853601143046335,3.741054471833152,0.037398055920392255,1.3399262897594393,675.1923076923077,0.06011606027701511
real_20260626_163327_pallet_rack_cluster022_part1_ransac_icp_voxel005,unweighted_icp,0.75,0.2630531725920591,0.03843760115061451,0.08869179600886919,9.368158516662048,0.131624955149367,0.4883597129080466,0.4142885572033998,10.771502487288394,4.505788567414332,0.07551533130825126,3.3706937336622,702.7307692307693,0.058253750797748444
real_20260626_163327_pallet_rack_cluster022_part1_ransac_icp_voxel005,unweighted_icp,1.0,0.2635742494979652,0.03754636034051611,0.08721359940872137,10.285908538530256,0.14078092532597533,0.5072142602092431,0.4397041469239663,11.432307820023125,5.0953770654491874,0.10492166145761168,4.4864668049162555,708.1538461538462,0.0579356209205837
real_20260703_131528_rm00_0260_02_cluster022_part1_ransac_icp_voxel005,distance_weighted_icp,0.1,0.15556664459017325,0.036611466602203775,0.20521541950113378,4.968529354167037,0.0704132031790948,0.27566514131093844,0.27930535244460936,7.261939163559844,2.0284765177460007,0.0012559624875379863,0.049681110054211816,712.7307692307693,0.13867105898970197
real_20260703_131528_rm00_0260_02_cluster022_part1_ransac_icp_voxel005,distance_weighted_icp,0.2,0.15681629732928887,0.03632219909030594,0.21882086167800455,4.585389878627367,0.06868234339339462,0.27135253950895716,0.2761390021219024,7.179614055169462,1.982967225682113,0.0027826238358806717,0.12392709201221316,711.3076923076923,0.13880575340286097
real_20260703_131528_rm00_0260_02_cluster022_part1_ransac_icp_voxel005,distance_weighted_icp,0.4,0.1585596601437109,0.03646363567724975,0.23582766439909297,3.972199659416625,0.07234868602429868,0.27063034276217585,0.2740604508474179,7.125571722032865,1.9531993385620554,0.006398229286219757,0.30216657964067745,708.6538461538462,0.13749039872339905
real_20260703_131528_rm00_0260_02_cluster022_part1_ransac_icp_voxel005,distance_weighted_icp,0.75,0.16175994838958596,0.03579963295853354,0.23922902494331066,2.9160322008041133,0.07225406439212034,0.26317433478974744,0.2711644093866087,7.050274644051826,1.9123810104202916,0.013889737834603042,0.5667654249130745,702.2692307692307,0.13594554664051817
real_20260703_131528_rm00_0260_02_cluster022_part1_ransac_icp_voxel005,distance_weighted_icp,1.0,0.16257983292515393,0.035385927499063635,0.24036281179138322,2.269787774713955,0.06715757712894639,0.25243528780123986,0.2681463845204871,6.971805997532664,1.8708671374013246,0.019775789749102296,0.9276710508004443,699.3461538461538,0.13531395650379413
real_20260703_131528_rm00_0260_02_cluster022_part1_ransac_icp_voxel005,mlp_weighted_icp,0.1,0.15344530885900784,0.0356684231288405,0.18820861678004536,5.461199379958487,0.07975887324848747,0.2878161759070802,0.2866844325691584,7.4537952467981174,2.1369226395090255,0.0018745317024819177,0.07942758347409551,718.6153846153846,0.13825411067559645
real_20260703_131528_rm00_0260_02_cluster022_part1_ransac_icp_voxel005,mlp_weighted_icp,0.2,0.15269532244322,0.03554610871712549,0.1961451247165533,5.176287346695483,0.07982918650571746,0.2842873824158923,0.2864621040791522,7.448014706057957,2.133615656692364,0.003848800910874438,0.19546036072435485,720.8846153846154,0.13773432343666944
real_20260703_131528_rm00_0260_02_cluster022_part1_ransac_icp_voxel005,mlp_weighted_icp,0.4,0.15055050846833798,0.03562472573175891,0.1984126984126984,4.723121578271217,0.08409934101548255,0.28188106526653267,0.28458336544204926,7.399167501493281,2.105836901923008,0.010296913700187408,0.4766928200897554,725.1923076923077,0.13803052447682623
real_20260703_131528_rm00_0260_02_cluster022_part1_ransac_icp_voxel005,mlp_weighted_icp,0.75,0.14929794848073086,0.0365372599678112,0.20521541950113378,4.437205494019537,0.09157829401275265,0.28524829743367885,0.2837786506179729,7.378244916067296,2.0938834590605535,0.022526790948555097,1.413912079426246,731.6153846153846,0.13864105312255276
real_20260703_131528_rm00_0260_02_cluster022_part1_ransac_icp_voxel005,mlp_weighted_icp,1.0,0.14848218259340532,0.036165151198571194,0.19501133786848074,4.384375734267318,0.0976553594178033,0.28998129935388184,0.28480455682674105,7.404918477495268,2.1091744049391847,0.032579238557751265,1.777817157867133,734.0384615384615,0.13888436536620208
real_20260703_131528_rm00_0260_02_cluster022_part1_ransac_icp_voxel005,unweighted_icp,0.1,0.1522587373877053,0.03559664930540949,0.20294784580498867,4.953650383505515,0.05511964719458539,0.25691488841734583,0.2668348993283284,6.937707382536538,1.8528000909424929,0.0045557436882278325,0.32176656323515523,724.6153846153846,0.1406285033285294
real_20260703_131528_rm00_0260_02_cluster022_part1_ransac_icp_voxel005,unweighted_icp,0.2,0.15175156325136888,0.0357974990054148,0.20975056689342403,4.165769663194461,0.053694184606152905,0.24710344448946642,0.2594141888205698,6.744768909334816,1.7523136930521233,0.010333532963665595,0.7073779663735776,730.5384615384615,0.14005369884911018
real_20260703_131528_rm00_0260_02_cluster022_part1_ransac_icp_voxel005,unweighted_icp,0.4,0.15152783477907872,0.03643864129303681,0.2199546485260771,3.094572657221294,0.05485497386874652,0.2373285352200382,0.2513771755359745,6.5358065639353375,1.6467314521250487,0.022059415510876028,1.6027543726664724,736.9230769230769,0.14108766445167306
real_20260703_131528_rm00_0260_02_cluster022_part1_ransac_icp_voxel005,unweighted_icp,0.75,0.15158939132168267,0.03631357724165955,0.2222222222222222,2.6362533840712037,0.05399294438660732,0.23194486954900204,0.24296585959362282,6.317112349434193,1.539558719320606,0.04208388963009271,3.0731612384409495,739.0384615384615,0.1414063531532119
real_20260703_131528_rm00_0260_02_cluster022_part1_ransac_icp_voxel005,unweighted_icp,1.0,0.15159077873072546,0.03631530056579366,0.2222222222222222,2.6512727889542957,0.05423777736840201,0.23234128398867043,0.24116469291461656,6.2702820157800305,1.5167732417876882,0.057377137633758735,4.012681331305029,739.2307692307693,0.14162958204107415
real_20260703_135250_rm00_0260_02_cluster029_full_refined_from_voxel005,distance_weighted_icp,0.1,0.085598465527293,0.03403083990620232,0.5124716553287982,4.645559189565061,0.07296145494036016,0.2050155123633038,0.20988537620146835,5.457019781238177,1.1456317004895262,0.0012351623168509434,0.08022448468310678,857.8461538461538,0.42523195376773226
real_20260703_135250_rm00_0260_02_cluster029_full_refined_from_voxel005,distance_weighted_icp,0.2,0.08582453119121311,0.033408479036016375,0.5215419501133787,4.279630765275282,0.07205988894564727,0.2006807277896132,0.20629423903958405,5.363650215029185,1.1070260303657309,0.002926004422255454,0.18842936126279494,855.2307692307693,0.42739727591193216
real_20260703_135250_rm00_0260_02_cluster029_full_refined_from_voxel005,distance_weighted_icp,0.4,0.0867526790146392,0.032523607992961584,0.5294784580498866,3.5285889858783683,0.0703601793852857,0.19239874825870856,0.20152359131760772,5.239613374257801,1.0569221553848143,0.00631149353430492,0.4385808023025733,850.9615384615385,0.4296402976728275
real_20260703_135250_rm00_0260_02_cluster029_full_refined_from_voxel005,distance_weighted_icp,0.75,0.08630468118882634,0.03237348599654206,0.5419501133786848,2.5823270332267607,0.056779590896939555,0.16890754241803352,0.19234305866509133,5.000919525292375,0.9655444744195406,0.01460667210339514,0.8361102983298134,847.4615384615385,0.4318325571405615
real_20260703_135250_rm00_0260_02_cluster029_full_refined_from_voxel005,distance_weighted_icp,1.0,0.08536944633462581,0.03187869084907494,0.5555555555555556,1.770609130329053,0.03859755197296759,0.14167308961088393,0.18330302649044466,4.765878688751561,0.8844792646922413,0.024168453591379965,1.3196219261909385,846.5384615384615,0.4328392902707632
real_20260703_135250_rm00_0260_02_cluster029_full_refined_from_voxel005,mlp_weighted_icp,0.1,0.08654757811637476,0.033397531086876237,0.5090702947845805,4.430908607498511,0.07699733467738462,0.20785399886874448,0.21102350929822628,5.4866112417538835,1.1579721556900453,0.0013934970473233226,0.12747445326747978,856.0769230769231,0.4263348668692347
real_20260703_135250_rm00_0260_02_cluster029_full_refined_from_voxel005,mlp_weighted_icp,0.2,0.08745075344235871,0.032539151030101375,0.5215419501133787,3.922526658810351,0.07774198982437248,0.20441800985483471,0.20861450555498923,5.42397714442972,1.1317921435171117,0.0031721129189574686,0.2942651746713678,851.8846153846154,0.42783247371616173
real_20260703_135250_rm00_0260_02_cluster029_full_refined_from_voxel005,mlp_weighted_icp,0.4,0.08860693831801945,0.03216813630961235,0.5272108843537415,3.498751078013017,0.0790246529364368,0.20261910203458644,0.20602797128018777,5.356727253284882,1.1039883296987751,0.0071695238731117215,0.6473369725716008,846.1538461538462,0.4296669501189261
real_20260703_135250_rm00_0260_02_cluster029_full_refined_from_voxel005,mlp_weighted_icp,0.75,0.08837799026388551,0.032512250528854675,0.5385487528344671,2.8978508646115886,0.07358887096184769,0.1909453698718491,0.20073298401572287,5.2190575844087945,1.048751187102472,0.01429851920191471,1.2797529681966275,843.0,0.43044124000903083
real_20260703_135250_rm00_0260_02_cluster029_full_refined_from_voxel005,mlp_weighted_icp,1.0,0.08858097037160499,0.03261180851164757,0.5408163265306123,2.8258867434356376,0.07299305330302892,0.1898328911089903,0.19807997599975438,5.150079375993614,1.02155611496128,0.01968510615329549,1.7385497260125373,841.9615384615385,0.43134765805641384
real_20260703_135250_rm00_0260_02_cluster029_full_refined_from_voxel005,unweighted_icp,0.1,0.07831556796502487,0.03457713942504682,0.47165532879818595,4.17462528420904,0.056162206621236936,0.17622402742835222,0.1937441149004071,5.037346987410585,0.9795498741325732,0.003525382754905333,0.1324417563247821,863.9615384615385,0.4286898959850069
real_20260703_135250_rm00_0260_02_cluster029_full_refined_from_voxel005,unweighted_icp,0.2,0.07550129523106694,0.034487460262980774,0.48412698412698413,3.499875646532628,0.04784239431767864,0.15834244601407188,0.17990940254038607,4.677644466050038,0.8492765638908687,0.00803267958896008,0.29577008777359226,867.0384615384615,0.4289525118216523
real_20260703_135250_rm00_0260_02_cluster029_full_refined_from_voxel005,unweighted_icp,0.4,0.07413557040050807,0.03455499261654016,0.47278911564625853,3.2805047584389624,0.04748998728499135,0.15443060526988905,0.16791370227495123,4.365756259148732,0.741612648180054,0.018198912585326316,0.6857400642899503,869.7692307692307,0.43044645021755656
real_20260703_135250_rm00_0260_02_cluster029_full_refined_from_voxel005,unweighted_icp,0.75,0.07322891022748337,0.03467368666113421,0.4909297052154195,3.338399443960028,0.06099199309507589,0.16760489776215953,0.16542424934416333,4.301030482948247,0.7171519756032515,0.03451775882771515,1.3131172958815678,870.6538461538462,0.43093624878451825
real_20260703_135250_rm00_0260_02_cluster029_full_refined_from_voxel005,unweighted_icp,1.0,0.07321285520949919,0.03478081733821465,0.4875283446712018,3.3763778386464476,0.06684204982745559,0.17381868342341927,0.16726697632794144,4.348941384526477,0.7321822472850144,0.04755921154952709,1.7681042679813006,870.6153846153846,0.4305190299258428
real_20260706_130424_table_cluster004_table1_refined_from_identity_scale1,distance_weighted_icp,0.1,0.06093777300278725,0.034548768893060425,0.5351506456241033,4.734567968012156,0.3258744443156075,0.4341578969985163,0.4517744508451379,11.746135721973586,5.309652311783271,0.007165968082662642,0.10775618054105753,695.8846153846154,0.3340415262359695
real_20260706_130424_table_cluster004_table1_refined_from_identity_scale1,distance_weighted_icp,0.2,0.05939877004534464,0.034405154722599036,0.5494978479196556,4.48504163012151,0.30418532806580506,0.40843451441236484,0.43661056980726126,11.351874814988793,4.965288763100113,0.017970332430688712,0.2666715817805252,695.9615384615385,0.3357799069424673
real_20260706_130424_table_cluster004_table1_refined_from_identity_scale1,distance_weighted_icp,0.4,0.05800548465996684,0.03384264472941975,0.5609756097560976,3.8426841036858943,0.23870512308881667,0.33513744878564244,0.4045393977086547,10.518024340425022,4.295839592071479,0.03790690155675844,0.5607192752068251,696.5,0.33877833192873297
real_20260706_130424_table_cluster004_table1_refined_from_identity_scale1,distance_weighted_icp,0.75,0.057280607266237814,0.033627373372371414,0.5968436154949784,4.184492620843963,0.1845091444379606,0.283634677912638,0.35701329765009227,9.282345738902398,3.4145850619935496,0.07596723813437174,1.1044365951831667,696.3461538461538,0.3458200644751048
real_20260706_130424_table_cluster004_table1_refined_from_identity_scale1,distance_weighted_icp,1.0,0.05719732501941064,0.033698045366191774,0.6040172166427547,4.357740722491061,0.1727910861786173,0.27356581842293853,0.33906994943794483,8.815818685386565,3.0985652830230554,0.10467366893850116,1.5874328492658036,696.2307692307693,0.3483932862372185
real_20260706_130424_table_cluster004_table1_refined_from_identity_scale1,mlp_weighted_icp,0.1,0.06071156511399455,0.03438824747978934,0.5351506456241033,4.816778961246188,0.3404149892237686,0.44929434395022505,0.46080141829566323,11.980836875687244,5.5218072932819355,0.007563655885876352,0.12345367739858036,695.8846153846154,0.33449115997637285
real_20260706_130424_table_cluster004_table1_refined_from_identity_scale1,mlp_weighted_icp,0.2,0.059240962121107986,0.03410768523489232,0.5437589670014347,4.542418686155408,0.3224490150794713,0.4271141640621334,0.4498138149916311,11.695159189782409,5.265158878641037,0.019090745154155337,0.2885771432423241,695.9230769230769,0.33766119919085164
real_20260706_130424_table_cluster004_table1_refined_from_identity_scale1,mlp_weighted_icp,0.4,0.05788305474872485,0.03420268767255468,0.5896700143472023,4.2290777218861955,0.2927578947423518,0.3929317267099386,0.42757433671703543,11.11693275464292,4.771259712108803,0.04453526177242073,0.7069261149922019,696.2692307692307,0.3448029726667908
real_20260706_130424_table_cluster004_table1_refined_from_identity_scale1,mlp_weighted_icp,0.75,0.05827169401610415,0.0337554240340429,0.6183644189383071,6.369833570546337,0.39861424687268393,0.5205842765942514,0.43943756682958035,11.425376737569088,5.051203517053364,0.11266839253945198,1.711197444018351,696.1538461538462,0.35663909488194745
real_20260706_130424_table_cluster004_table1_refined_from_identity_scale1,mlp_weighted_icp,1.0,0.05868265078841757,0.03318620934058013,0.6154949784791965,7.218510608568319,0.4553317297715655,0.5861994866456662,0.4708659415445799,12.242514480159077,5.8578117673944865,0.16644294955523653,2.4507787307302578,696.1153846153846,0.36119112808824305
real_20260706_130424_table_cluster004_table1_refined_from_identity_scale1,unweighted_icp,0.1,0.05894919927250077,0.03444048446531636,0.5523672883787661,4.190434449989881,0.27176268147308175,0.3726162252454813,0.4160911711744498,10.818370450535696,4.522915403267239,0.013839042429164325,0.20026324181130634,696.1923076923077,0.3342544885614107
real_20260706_130424_table_cluster004_table1_refined_from_identity_scale1,unweighted_icp,0.2,0.057434821234767335,0.034047115290141164,0.5738880918220947,3.5969420670017502,0.20943551722805642,0.3028397591328413,0.37876505295227997,9.847891376759279,3.7889056329296014,0.02908746546968883,0.43077621797406374,696.5769230769231,0.3387080483020691
real_20260706_130424_table_cluster004_table1_refined_from_identity_scale1,unweighted_icp,0.4,0.0564945461761628,0.03410485897775578,0.5982783357245337,3.040374901654106,0.13825992799073988,0.22515822318344372,0.32142644846298657,8.357087660037651,2.817778862112315,0.06700958140033836,0.9925905602560433,696.7692307692307,0.34433289780265075
real_20260706_130424_table_cluster004_table1_refined_from_identity_scale1,unweighted_icp,0.75,0.0552236855732628,0.03397454507838256,0.6226685796269728,3.9345574711268654,0.200857165518014,0.29542642580254547,0.2942583472834419,7.650717029369489,2.365217026732759,0.147129654175887,2.1516850741917466,696.8461538461538,0.3526081323692705
real_20260706_130424_table_cluster004_table1_refined_from_identity_scale1,unweighted_icp,1.0,0.05507939758290631,0.03379674228223666,0.6284074605451937,4.6791757619803755,0.2362107623213363,0.33808191752404637,0.30648436029886617,7.96859336777052,2.5280456527052535,0.21399415107760003,3.2349812678792538,696.8846153846154,0.3555718078873817
real_20260706_145031_table2_cluster004_table2_refined_from_identity,distance_weighted_icp,0.1,0.04128199908890572,0.03246280100730624,0.8238095238095238,4.674549413708537,0.4648226981959026,0.5528501914218937,0.5758471320235977,14.972025432613542,8.626991678024435,0.003150904932875168,0.060435735660090945,1050.0,0.46878055505238275
real_20260706_145031_table2_cluster004_table2_refined_from_identity,distance_weighted_icp,0.2,0.04007732896073639,0.031833458393358806,0.8304761904761905,4.235151330151526,0.4249456053298048,0.5073744475920564,0.5528063031046503,14.372963880720908,7.965569796040711,0.007194367186507843,0.12824484569488048,1050.0,0.46945282702350827
real_20260706_145031_table2_cluster004_table2_refined_from_identity,distance_weighted_icp,0.4,0.03861900264302182,0.030915916969552915,0.8219047619047619,3.37069583986884,0.34191617557403,0.41424213661574016,0.5063507318505797,13.16511902811507,6.746883995382262,0.017104801900616487,0.2752833590378178,1050.0,0.46950547971118317
real_20260706_145031_table2_cluster004_table2_refined_from_identity,distance_weighted_icp,0.75,0.0371347934946183,0.03082927465251144,0.8457142857142858,2.045175493076685,0.20899142272942942,0.2665779711548146,0.4261494412866209,11.079885473452144,4.993775039422784,0.032842921916591036,0.6112716029268623,1050.0,0.46817274254653957
real_20260706_145031_table2_cluster004_table2_refined_from_identity,distance_weighted_icp,1.0,0.03700559491902428,0.030801500503365973,0.8485714285714285,1.7447615028260788,0.1775435222631405,0.23199673221042555,0.3850722295123882,10.011877967322093,4.227097947166946,0.05206128062006879,0.8615426964747854,1050.0,0.4671424362489746
real_20260706_145031_table2_cluster004_table2_refined_from_identity,mlp_weighted_icp,0.1,0.04137731759079088,0.03240864417043157,0.820952380952381,4.736669348461944,0.46793537956985365,0.556679390645264,0.5779650725073882,15.027091885192092,8.689703435266031,0.0033312183871784503,0.0491978641234639,1050.0,0.4690986589539052
real_20260706_145031_table2_cluster004_table2_refined_from_identity,mlp_weighted_icp,0.2,0.04026892513287255,0.03180840596771651,0.8266666666666667,4.328441901348976,0.42935694721205325,0.5129102913584156,0.5565041426238563,14.469107708220262,8.069968526113362,0.007446122082592694,0.10809859355709696,1050.0,0.46993150091476943
real_20260706_145031_table2_cluster004_table2_refined_from_identity,mlp_weighted_icp,0.4,0.03890485838960274,0.03135000538948978,0.8323809523809523,3.57941431250418,0.3544769232387454,0.42917592475338995,0.5129749796812739,13.337349471713123,6.9116135518161315,0.01871663096825921,0.26498984454073754,1050.0,0.4701319429900016
real_20260706_145031_table2_cluster004_table2_refined_from_identity,mlp_weighted_icp,0.75,0.03750030508333929,0.030841725484950733,0.8361904761904762,2.45560496919416,0.24260884600931742,0.3046652007845983,0.44265220661764937,11.508957372058884,5.304194797229754,0.03928678748993472,0.5158039878601204,1050.0,0.4696864971680441
real_20260706_145031_table2_cluster004_table2_refined_from_identity,mlp_weighted_icp,1.0,0.03712674783497223,0.030876818196991306,0.8495238095238096,1.9220896391145756,0.18709676552554247,0.24344440975166048,0.4029262130188615,10.4760815384904,4.531909939167305,0.0578701058136923,0.7949445494831014,1050.0,0.4688075492798419
real_20260706_145031_table2_cluster004_table2_refined_from_identity,unweighted_icp,0.1,0.03983718738577657,0.03183022952640501,0.8257142857142857,3.960022916016802,0.3962442986006585,0.4756817151466031,0.5371897492143952,13.966933479574276,7.539781239564531,0.007595785463627149,0.1109154103540281,1050.0,0.46928876748564696
real_20260706_145031_table2_cluster004_table2_refined_from_identity,unweighted_icp,0.2,0.038285156248856915,0.03093252976483895,0.8247619047619048,3.12694799338635,0.3170976152302525,0.3866522514129729,0.48327403213354725,12.56512483547223,6.182147801467923,0.01584729940391337,0.23623778850777236,1050.0,0.4694468813594556
real_20260706_145031_table2_cluster004_table2_refined_from_identity,unweighted_icp,0.4,0.037102940989117594,0.030698332469837733,0.840952380952381,2.1055626389240563,0.21459694852302486,0.272755515901383,0.4021677251018683,10.456360852648576,4.462668718217612,0.03748927552607144,0.5537040273676463,1050.0,0.46821565195028236
real_20260706_145031_table2_cluster004_table2_refined_from_identity,unweighted_icp,0.75,0.03694382831205514,0.030784029470440247,0.8485714285714285,1.642184634310084,0.17045462039227466,0.22382029504743065,0.32748957821833025,8.514729033676586,3.114775529736869,0.07545567362858493,1.0406660264591343,1050.0,0.4660505581416384
real_20260706_145031_table2_cluster004_table2_refined_from_identity,unweighted_icp,1.0,0.03693120906673059,0.030865396184739498,0.8523809523809524,1.56501385221696,0.16454852413097018,0.21712987171987036,0.30099150573152694,7.8257791490197,2.6701040557138365,0.09276355054495435,1.40845370536124,1050.0,0.46522021497114896
real_20260706_150131_table3_cluster004_table3_refined_from_identity,distance_weighted_icp,0.1,0.08818145705977729,0.03310525679226794,0.638,4.931875762059204,0.5545403315585307,0.6920405462389,0.6995536666923989,18.188395334002372,12.724472729025154,0.008646943393924552,0.14342012871241888,976.0,0.26590666878035074
real_20260706_150131_table3_cluster004_table3_refined_from_identity,distance_weighted_icp,0.2,0.0882446291952329,0.0328945756290992,0.641,4.876850511031284,0.5467798044921187,0.6837929387976645,0.6930852218263095,18.020215767484046,12.491240419792161,0.01963363536979335,0.31258295819455706,976.0,0.26467208715033724
real_20260706_150131_table3_cluster004_table3_refined_from_identity,distance_weighted_icp,0.4,0.08854093248277962,0.032916038957339244,0.645,4.885580069124848,0.5434945071779096,0.6808912403519377,0.6879177452746086,17.885861377139822,12.305685819266856,0.041331159324055504,0.6497263256768492,975.6923076923077,0.26399020479534185
real_20260706_150131_table3_cluster004_table3_refined_from_identity,distance_weighted_icp,0.75,0.08822439116661814,0.03278496924731189,0.645,4.572886282917352,0.4992034699695543,0.633156723965346,0.6750961126012928,17.55249892763361,11.86059261842384,0.09005428816284934,1.3200023985931864,975.1923076923077,0.2619116117038126
real_20260706_150131_table3_cluster004_table3_refined_from_identity,distance_weighted_icp,1.0,0.08755155489920842,0.032827514809553156,0.654,4.294888558894027,0.46127942660840077,0.5917798670965495,0.6590944009135696,17.13645442375281,11.325917855338403,0.1254767579178235,1.8552935053855495,975.0,0.2611433360332789
real_20260706_150131_table3_cluster004_table3_refined_from_identity,mlp_weighted_icp,0.1,0.08877725638858248,0.033478257152602386,0.64,4.8629553004287285,0.5430944815754711,0.6805012909683409,0.694112388031717,18.046922088824644,12.528591327894162,0.004500178562440339,0.11366251948279824,975.6153846153846,0.2658006305871068
real_20260706_150131_table3_cluster004_table3_refined_from_identity,mlp_weighted_icp,0.2,0.0891823444498992,0.03303768795524958,0.642,4.7106524962317256,0.5247996150860613,0.6610884844982778,0.6818008253823934,17.72682145994223,12.09188879282057,0.011210049489203615,0.2587951820069373,975.3076923076923,0.2651863903822066
real_20260706_150131_table3_cluster004_table3_refined_from_identity,mlp_weighted_icp,0.4,0.08960124034796087,0.032700383932599594,0.641,4.461528072003669,0.4939751868557854,0.628191707923783,0.6636622655354091,17.255218903920635,11.46473902462894,0.028169004461461707,0.5828767378982992,975.1538461538462,0.2642396161703218
real_20260706_150131_table3_cluster004_table3_refined_from_identity,mlp_weighted_icp,0.75,0.0896865055464935,0.03260178947114486,0.647,4.038332428043075,0.4385876121844782,0.5686574420114026,0.6315439519488812,16.420142750670912,10.414427708232777,0.0525807404190247,1.1066603114560345,975.0769230769231,0.2634673604382322
real_20260706_150131_table3_cluster004_table3_refined_from_identity,mlp_weighted_icp,1.0,0.08961281756086893,0.03240255730988012,0.644,3.8487657579627608,0.4152607552671194,0.543361230407616,0.6140476716846621,15.965239463801217,9.867506173221038,0.07742048935049921,1.5802110202680588,975.0384615384615,0.2627216017691243
real_20260706_150131_table3_cluster004_table3_refined_from_identity,unweighted_icp,0.1,0.08411847431663745,0.03373862100007143,0.638,3.7017609485052354,0.41477058897645747,0.5359066727781473,0.6188751395007616,16.0907536270198,10.027466300204445,0.014230592936176057,0.17559414331598258,976.0,0.2673892857135635
real_20260706_150131_table3_cluster004_table3_refined_from_identity,unweighted_icp,0.2,0.08097612810196848,0.0333825224583871,0.652,2.5849356093516955,0.287492984082099,0.39431846827758443,0.5390812526090787,14.016112567836046,7.792007521789263,0.03191378102571962,0.3954751020130053,976.0,0.26559799846976884
real_20260706_150131_table3_cluster004_table3_refined_from_identity,unweighted_icp,0.4,0.07728080321758635,0.03342895325130619,0.686,1.1337229213897764,0.12204619990925714,0.21066423234074125,0.4183036854985058,10.87589582296115,5.11457761520859,0.0730308568355738,0.8741126052622257,976.6538461538462,0.2631796783632844
real_20260706_150131_table3_cluster004_table3_refined_from_identity,unweighted_icp,0.75,0.0761400236891223,0.033205854520847254,0.697,0.5520339380464016,0.0594537625258309,0.14111412559541722,0.3010303209226347,7.826788343988503,3.147703447585751,0.15114901042711,1.7704108362634245,977.2692307692307,0.2614403268880412
real_20260706_150131_table3_cluster004_table3_refined_from_identity,unweighted_icp,1.0,0.07612145391572529,0.0332012654425439,0.697,0.5476067588522187,0.0590342183709997,0.14063173987524716,0.2640370587726322,6.864963528088438,2.5534020085582303,0.19672985271805238,2.3247913309435035,977.4615384615385,0.26099475681319767
real_20260706_153654_table_fanuc_cluster000_table1_refined_from_identity,distance_weighted_icp,0.1,0.2568879769160389,0.03393675422767753,0.349,4.5111908912784,0.5287415788087205,0.8307414646375435,0.8766080783056289,22.79181003594635,19.99978719286507,0.0059647389009217545,0.05045555081128528,2272.423076923077,0.3962682492406043
real_20260706_153654_table_fanuc_cluster000_table1_refined_from_identity,distance_weighted_icp,0.2,0.2558450552642104,0.03380687322711555,0.3616666666666667,3.8709821867279897,0.45175258707791494,0.7463074642094052,0.8319608561219217,21.630982259169965,18.070199471378217,0.012725906514436978,0.10698008165014807,2273.3076923076924,0.3972772468838367
real_20260706_153654_table_fanuc_cluster000_table1_refined_from_identity,distance_weighted_icp,0.4,0.2548216802056056,0.03402159290232808,0.382,3.0264562678677445,0.34772967987851183,0.632815922762795,0.7587537197101926,19.727596712465008,15.170083903480885,0.029714815972214887,0.2520109691086212,2277.6153846153848,0.3996522734428811
real_20260706_153654_table_fanuc_cluster000_table1_refined_from_identity,distance_weighted_icp,0.75,0.254154460095972,0.03397090606325592,0.401,2.184701713328559,0.2425936367038519,0.5185951139331095,0.6719158440528564,17.469811945374268,12.111620243707383,0.059314163056860374,0.49909517088343236,2277.1923076923076,0.4011505957954627
real_20260706_153654_table_fanuc_cluster000_table1_refined_from_identity,distance_weighted_icp,1.0,0.2538505130923258,0.03357447769720346,0.4,1.7425453692731891,0.18586608177373104,0.45714204855878876,0.6248386236895593,16.245804215928544,10.620863392553344,0.08575579425786216,0.710875317749053,2277.576923076923,0.40220844636936326
real_20260706_153654_table_fanuc_cluster000_table1_refined_from_identity,mlp_weighted_icp,0.1,0.25761901650791696,0.033938679361474065,0.35233333333333333,4.292037540124805,0.5055837326211513,0.8061231245303163,0.8629820221898955,22.437532576937283,19.396214852657916,0.006615439588619017,0.05591721344347071,2273.230769230769,0.39671843281392083
real_20260706_153654_table_fanuc_cluster000_table1_refined_from_identity,mlp_weighted_icp,0.2,0.25723419828353655,0.03372569454888193,0.363,3.5735780564169586,0.4166697738039408,0.7096397526516469,0.8093098412871955,21.042055873467085,17.138427533098966,0.015510041874232942,0.13093790408366793,2275.269230769231,0.39828444579457084
real_20260706_153654_table_fanuc_cluster000_table1_refined_from_identity,mlp_weighted_icp,0.4,0.2573513006388492,0.03404982519775199,0.3903333333333333,2.5504910063255037,0.27364097417928107,0.5564971848813853,0.7191364460163576,18.6975475964253,13.755581205497924,0.0322912112081704,0.2786987392747404,2274.1923076923076,0.4002934631374411
real_20260706_153654_table_fanuc_cluster000_table1_refined_from_identity,mlp_weighted_icp,0.75,0.2583961698238259,0.03349300926053148,0.404,1.7239367206709675,0.10587713834425111,0.38151267537478667,0.595498689949064,15.482965938675664,9.907079305295026,0.07205936600082352,0.6178946327544286,2273.5,0.40267302109597936
real_20260706_153654_table_fanuc_cluster000_table1_refined_from_identity,mlp_weighted_icp,1.0,0.2583944239954857,0.03329234994367852,0.4036666666666667,1.5716702345119675,0.06132780737237309,0.33543893371297845,0.5370891358244061,13.96431753143456,8.319816369827745,0.09249572133787089,0.7933881315919683,2273.0384615384614,0.4042962066765045
real_20260706_153654_table_fanuc_cluster000_table1_refined_from_identity,unweighted_icp,0.1,0.25554061106916515,0.03395024855426646,0.363,3.892297055977628,0.4618778238865295,0.7563414055154709,0.8334740028172722,21.670324073249077,18.126361009061014,0.01270371882319377,0.10708430451746571,2272.423076923077,0.3968152799556854
real_20260706_153654_table_fanuc_cluster000_table1_refined_from_identity,unweighted_icp,0.2,0.25423524429576994,0.034118676011229955,0.37833333333333335,3.1484280384745476,0.3738232187008894,0.6595427433814048,0.7676409845871882,19.958665599266894,15.48655532366674,0.02966969046088354,0.2514991476452978,2276.9615384615386,0.39918074770428036
real_20260706_153654_table_fanuc_cluster000_table1_refined_from_identity,unweighted_icp,0.4,0.25297612306782075,0.034039412144076846,0.391,2.4647015589471817,0.2976811940869967,0.5753043327442893,0.6887229918505192,17.9067977881135,12.602332797693226,0.06344050114490306,0.5454365826404604,2278.269230769231,0.4004510442352777
real_20260706_153654_table_fanuc_cluster000_table1_refined_from_identity,unweighted_icp,0.75,0.25230243930866975,0.033924131628232664,0.392,2.329067426765594,0.28488491584277736,0.5604780294191031,0.6312528937014673,16.41257523623815,10.625647016611385,0.12971820867215314,1.1095941641973757,2277.769230769231,0.4008198550438179
real_20260706_153654_table_fanuc_cluster000_table1_refined_from_identity,unweighted_icp,1.0,0.2522840443928289,0.034028469428228916,0.3943333333333333,2.3504149103677774,0.2866451473886737,0.5624333408851805,0.6140507182799929,15.965318675279816,10.038604329397687,0.17717275966734558,1.5246365559809656,2277.1153846153848,0.40106537481712407
real_20260707_154904_ur10_choko_base_cluster016_base_refined_from_center_v2,distance_weighted_icp,0.1,0.0400129613149457,0.03128386700446922,0.8173618940248027,5.147414599905912,0.32926006440231614,0.420747171716321,0.4228210708405771,10.993347841855003,4.648237773102922,0.003988491722661507,0.04737537128812125,887.0,0.5551520920211485
real_20260707_154904_ur10_choko_base_cluster016_base_refined_from_center_v2,distance_weighted_icp,0.2,0.039248626281723674,0.03114044497396506,0.8342728297632469,5.036519951703797,0.32431187572685377,0.41392570152561536,0.4196677766233231,10.9113621922064,4.579555758899693,0.006928598658703539,0.11571843509009642,887.0,0.5580482354365655
real_20260707_154904_ur10_choko_base_cluster016_base_refined_from_center_v2,distance_weighted_icp,0.4,0.03849833363106544,0.030642596973496423,0.8444193912063134,4.911021317224744,0.32094982516590026,0.40855837196921313,0.41632314399662085,10.824401743912142,4.507051707687994,0.01662866169009765,0.2777731836645508,887.0,0.5598931017560335
real_20260707_154904_ur10_choko_base_cluster016_base_refined_from_center_v2,distance_weighted_icp,0.75,0.03750881789417414,0.02972386013426237,0.8432919954904171,4.217790329529208,0.2841377403320433,0.36382446152150955,0.4045213986449711,10.517556364769248,4.260710596253627,0.04375704030170934,0.6220024828445317,887.0,0.5600619232878447
real_20260707_154904_ur10_choko_base_cluster016_base_refined_from_center_v2,distance_weighted_icp,1.0,0.03724667614257884,0.029610355369694755,0.8421645997745209,3.813439426580493,0.2572772255599818,0.33265829596836555,0.3911087367005352,10.168827154213915,4.000217512050455,0.06570210296627998,0.923565295895989,887.0,0.5607175238359852
real_20260707_154904_ur10_choko_base_cluster016_base_refined_from_center_v2,mlp_weighted_icp,0.1,0.039832123771452045,0.031284775005912376,0.8207440811724915,4.955716730310056,0.3157895543672316,0.40517884544178423,0.4148509327914909,10.786124252578762,4.475382828442107,0.0037728913966173627,0.05791889621634762,887.0,0.5556679560456119
real_20260707_154904_ur10_choko_base_cluster016_base_refined_from_center_v2,mlp_weighted_icp,0.2,0.038904721563273605,0.031196946831768005,0.8444193912063134,4.7394446930728655,0.30375083277016574,0.390050001264168,0.4052126512660681,10.53552893291777,4.27233140341626,0.008252964823923816,0.12716352046885163,887.0,0.5581538010539044
real_20260707_154904_ur10_choko_base_cluster016_base_refined_from_center_v2,mlp_weighted_icp,0.4,0.03797437912432438,0.03065708375933873,0.8511837655016911,4.241016636689869,0.27109867292667267,0.35148321841789576,0.39039799872874725,10.150347966947429,3.9726306026545415,0.019172820637708258,0.34504934875563614,887.0,0.5587750278709227
real_20260707_154904_ur10_choko_base_cluster016_base_refined_from_center_v2,mlp_weighted_icp,0.75,0.03715469757594407,0.02996044153748791,0.8523111612175873,3.75105545262878,0.23768732432146084,0.31235257642369274,0.3573947508266577,9.292263521493101,3.359949085736,0.05738009568130438,0.838102499872097,887.0,0.5609918985445081
real_20260707_154904_ur10_choko_base_cluster016_base_refined_from_center_v2,mlp_weighted_icp,1.0,0.03689259633517509,0.029806089937474727,0.8523111612175873,3.4021757607449863,0.2113178468531866,0.28223220079581157,0.34291018195893624,8.915664730932342,3.1061237762635883,0.08252447319872389,1.1976440009302072,887.0,0.5620938276455429
real_20260707_154904_ur10_choko_base_cluster016_base_refined_from_center_v2,unweighted_icp,0.1,0.03935087380148567,0.03127582388404252,0.8297632468996617,4.723316484245931,0.3009954695353905,0.3875795081793355,0.4038519141646494,10.500149768280885,4.244084602111686,0.0066997412340787195,0.10198858229635131,887.0,0.5560572465025371
real_20260707_154904_ur10_choko_base_cluster016_base_refined_from_center_v2,unweighted_icp,0.2,0.03847512719980878,0.03117454597682025,0.8489289740698985,4.521528012369379,0.2909545954474659,0.37464500277096846,0.3944204193958589,10.254930904292332,4.049433745509646,0.016040902597662814,0.2477126881952013,887.0,0.5592872792539292
real_20260707_154904_ur10_choko_base_cluster016_base_refined_from_center_v2,unweighted_icp,0.4,0.037333047312387437,0.03080440804187106,0.8602029312288614,3.2628333860771552,0.1962257233819004,0.2661871045550594,0.35355491321831345,9.19242774367615,3.308533768800073,0.04103531215934586,0.6622709429426832,887.0,0.563240158551897
real_20260707_154904_ur10_choko_base_cluster016_base_refined_from_center_v2,unweighted_icp,0.75,0.03621622363181781,0.030407350132588586,0.8703494926719278,2.816963515585959,0.059338687666274426,0.12372454645395183,0.2791913614123537,7.258975396721196,2.27762287430498,0.11817929894603593,1.7613763921626289,887.0,0.5672881197882295
real_20260707_154904_ur10_choko_base_cluster016_base_refined_from_center_v2,unweighted_icp,1.0,0.03593377002194282,0.030589389161146133,0.8816234498308907,3.3273412410642265,0.02486815201486308,0.09407533444744817,0.22823272663970368,5.934050892632295,1.6939125736434753,0.17056502638772197,2.6526778448260515,887.0,0.5707951153853799
