sample_id,scenario,num_correspondences,positive_ratio,mean_label_distance,mean_distance_T0,mean_point_to_plane_residual
real_20260626_143302_palletizer_005_part_2_refined_from_voxel005_easy,real_previous_registration,2000,0.121,0.181284169970247,0.10210538422785352,0.057762411392917885
real_20260706_153654_table_fanuc_cluster000_table1_refined_from_identity_hard,real_previous_registration,1887,0.1589825119236884,0.1755902386497109,0.13168341243585033,0.08725954978858287
real_20260706_153654_table_fanuc_cluster000_table1_refined_from_identity_medium,real_previous_registration,1881,0.16321105794790006,0.1842881493030876,0.14340061214125216,0.09550564360565075
real_20260706_153654_table_fanuc_cluster000_table1_refined_from_identity_easy,real_previous_registration,1831,0.085199344620426,0.23148153335254038,0.1606286482977084,0.10561173225826714
box_sphere_partial_overlap_medium_2,partial_overlap,1500,0.4246666666666667,0.0868900869567983,0.07185068800455627,0.06361610098760634
box_sphere_strong_noise_medium_2,strong_noise,1500,0.572,0.07516658331012328,0.05781931905962375,0.047373339406769625
box_sphere_strong_noise_medium_3,strong_noise,1500,0.36866666666666664,0.0916910859773727,0.060307190635573674,0.05017465766474867
boxes_cylinder_partial_overlap_medium_2,partial_overlap,1500,0.27266666666666667,0.09905832555090545,0.06268588874773004,0.052158282559093626
box_sphere_scene_change_medium_3,scene_change,1500,0.562,0.0947917756927537,0.08380485711625553,0.07221153735692613
box_sphere_static_noise_hard_mixed,static_noise,1500,0.15333333333333332,0.11584505187314025,0.07107153256941706,0.06238161355014618
box_sphere_static_noise_medium_2,static_noise,1500,0.452,0.08673288364771561,0.05327501087379736,0.04179770228901287
box_sphere_static_noise_medium_3,static_noise,1500,0.27,0.0987433595470831,0.07078393755766854,0.06206828807392327
box_sphere_strong_noise_hard_mixed,strong_noise,1500,0.24266666666666667,0.10044473739437236,0.06310396060798122,0.053012530504159786
boxes_cylinder_partial_overlap_medium_3,partial_overlap,1500,0.6613333333333333,0.06736675490939621,0.04668143027070246,0.03418628684066913
boxes_cylinder_partial_overlap_hard_mixed,partial_overlap,1500,0.10066666666666667,0.13901577972332083,0.07265920516550682,0.06287582517316165
boxes_cylinder_static_noise_hard_mixed,static_noise,1500,0.43466666666666665,0.08368947620565495,0.05200551137838238,0.039611149942655195
boxes_cylinder_strong_noise_medium_2,strong_noise,1500,0.2906666666666667,0.09510260527429815,0.05587198122977703,0.0447603947831215
box_sphere_partial_overlap_hard_mixed,partial_overlap,1500,0.43066666666666664,0.0965338840447397,0.06724004720146466,0.05718970093390641
box_sphere_scene_change_medium_2,scene_change,1500,0.13933333333333334,0.13533455361001642,0.08036609458020405,0.0700104870599873
box_sphere_scene_change_hard_mixed,scene_change,1500,0.574,0.09058649469149321,0.07694915437149878,0.0648022138955083
box_sphere_partial_overlap_medium_3,partial_overlap,1500,0.18,0.11295411495704372,0.0863544417263425,0.07920612405746967
l_shape_static_noise_medium_3,static_noise,1500,0.182,0.10634673115745678,0.06539516150595343,0.05630517891776188
wall_column_partial_overlap_medium_3,partial_overlap,1500,0.7433333333333333,0.05480616717678577,0.04971125862429284,0.033990558018100706
wall_column_partial_overlap_hard_mixed,partial_overlap,1500,0.5026666666666667,0.07791349886269054,0.0489674532847501,0.029850079748069865
wall_column_strong_noise_medium_2,strong_noise,1500,0.6366666666666667,0.07216534545235122,0.05689246572483839,0.040067687165996645
wall_column_partial_overlap_medium_2,partial_overlap,1500,0.3526666666666667,0.09784509076018628,0.060100724084219584,0.04021759897557902
wall_column_strong_noise_hard_mixed,strong_noise,1500,0.274,0.10432667423311606,0.06908094810902403,0.04903374494117305
boxes_cylinder_static_noise_medium_3,static_noise,1500,0.35933333333333334,0.09142868168856394,0.05167975183163946,0.039753185076295064
boxes_cylinder_strong_noise_hard_mixed,strong_noise,1500,0.132,0.12438561270271906,0.06494575954330516,0.05441429350744446
l_shape_scene_change_hard_mixed,scene_change,1500,0.25866666666666666,0.13146924481717479,0.07781255320079848,0.06706623161454398
l_shape_partial_overlap_hard_mixed,partial_overlap,1500,0.182,0.10896575366204017,0.06908638240863979,0.06020277201377108
l_shape_strong_noise_medium_3,strong_noise,1500,0.36,0.09153010391077276,0.05673729501263473,0.04540960758728806
l_shape_strong_noise_medium_2,strong_noise,1500,0.346,0.09207144545304474,0.06096571164530718,0.05068910668622172
l_shape_static_noise_hard_mixed,static_noise,1500,0.36,0.08818141170924648,0.05313045037382856,0.041378125058101074
l_shape_partial_overlap_medium_2,partial_overlap,1500,0.24333333333333335,0.10083719816163117,0.06820078196485596,0.05953160007905583
l_shape_partial_overlap_medium_3,partial_overlap,1500,0.5566666666666666,0.07325583256626485,0.05432244152762241,0.04336796597046641
boxes_cylinder_static_noise_medium_2,static_noise,1500,0.358,0.09022184485413362,0.05219665494192859,0.040136948027081565
wall_column_strong_noise_medium_3,strong_noise,1500,0.388,0.10238903723291637,0.06020255816613564,0.0410699220968753
l_shape_strong_noise_hard_mixed,strong_noise,1500,0.36533333333333334,0.09434212566620499,0.06250509629543599,0.05143349167512256
l_shape_static_noise_medium_2,static_noise,1500,0.508,0.0807665701620419,0.05538813144047681,0.045138162425463896
boxes_cylinder_strong_noise_medium_3,strong_noise,1500,0.15,0.13011213138233974,0.07170516730035191,0.061450887452288515
wall_column_static_noise_medium_3,static_noise,1500,0.572,0.07321619797308267,0.04842136003684756,0.031174244330896404
wall_column_static_noise_medium_2,static_noise,1500,0.282,0.10579657396048134,0.060092069802503444,0.042779841826861606
wall_column_static_noise_hard_mixed,static_noise,1500,0.32066666666666666,0.09435796755314892,0.06132594651822423,0.04384644449074255
l_shape_scene_change_medium_3,scene_change,1495,0.8735785953177257,0.06404193067120781,0.06111750336744435,0.04871326750110316
boxes_cylinder_scene_change_hard_mixed,scene_change,1451,0.43142660234321156,0.11537667465361737,0.08421449182388104,0.07172938573341545
l_shape_scene_change_medium_2,scene_change,1437,0.894919972164231,0.05773278643719573,0.05541843875984501,0.04253375855734424
boxes_cylinder_scene_change_medium_3,scene_change,1432,0.7723463687150838,0.07381605892160686,0.062376230070944866,0.04931275983285536
boxes_cylinder_scene_change_medium_2,scene_change,1426,0.37307152875175315,0.10399141254512198,0.07075879017617859,0.05886394896043047
wall_column_scene_change_hard_mixed,scene_change,1419,0.5778717406624383,0.09344454112806493,0.07436117172499478,0.05227712547653064
wall_column_scene_change_medium_2,scene_change,1407,0.5835110163468372,0.08964659247402468,0.06426086503247479,0.044247320655510416
wall_column_scene_change_medium_3,scene_change,1367,0.3672275054864667,0.10730711830184556,0.08483931360142556,0.06125319169700819
real_20260626_161831_pallet_rack_cluster021_part1_ransac_icp_voxel005_easy,real_previous_registration,1353,0.328159645232816,0.12556609274101074,0.11519524219611425,0.06640943957276745
real_20260626_144015_pallet_rack_05_part1_refined_from_voxel005_easy,real_previous_registration,1353,0.19068736141906872,0.13450693059556346,0.06913944685550032,0.036757241219777095
real_20260626_161831_pallet_rack_cluster021_part1_ransac_icp_voxel005_hard,real_previous_registration,1353,0.2682926829268293,0.1261832733289588,0.09692451581667332,0.04962665590345742
real_20260626_161911_pallet_rack_cluster021_part1_refined_from_voxel005_medium,real_previous_registration,1351,0.27757216876387864,0.1708294156247957,0.232341589222378,0.15315000925446864
real_20260626_161911_pallet_rack_cluster021_part1_refined_from_voxel005_easy,real_previous_registration,1349,0.15048183839881393,0.21191185106026034,0.17192447116563422,0.11919442888530742
box_sphere_added_outliers_hard_mixed,added_outliers,1345,0.16728624535315986,0.14933293488880534,0.09766377235814219,0.08666546174818042
box_sphere_added_outliers_medium_3,added_outliers,1310,0.11145038167938931,0.14352048397885953,0.09240122483228558,0.0818367598629786
wall_column_added_outliers_hard_mixed,added_outliers,1304,0.19095092024539878,0.12980079745391537,0.08180175640859513,0.06118893212948919
boxes_cylinder_added_outliers_hard_mixed,added_outliers,1303,0.3545663852647736,0.1285144753642112,0.08844470613354415,0.07447023214909675
real_20260626_163327_pallet_rack_cluster022_part1_ransac_icp_voxel005_medium,real_previous_registration,1302,0.1858678955453149,0.24348900073401658,0.22182743824665366,0.11261268621275111
box_sphere_added_outliers_medium_2,added_outliers,1300,0.42615384615384616,0.09929151418352195,0.07656988923430799,0.0665233876283953
boxes_cylinder_added_outliers_medium_3,added_outliers,1290,0.45193798449612405,0.10566461054134652,0.0758487475116161,0.06214475903203417
l_shape_added_outliers_medium_3,added_outliers,1289,0.25446082234290146,0.12084428261240043,0.08728232435593414,0.07492223090845689
l_shape_added_outliers_hard_mixed,added_outliers,1285,0.10583657587548638,0.14938964587469,0.10286001272032902,0.09211161800454387
l_shape_added_outliers_medium_2,added_outliers,1276,0.5078369905956113,0.09130271422723986,0.06766510788273901,0.05532738842483394
boxes_cylinder_added_outliers_medium_2,added_outliers,1275,0.7215686274509804,0.07198139368959072,0.06086602434467537,0.047844453909537975
wall_column_added_outliers_medium_3,added_outliers,1273,0.5066771406127258,0.09097993128224345,0.06933470478744466,0.049915526828031485
wall_column_added_outliers_medium_2,added_outliers,1267,0.7245461720599842,0.06991389326438405,0.05985633102038273,0.03994448000795135
real_20260626_163327_pallet_rack_cluster022_part1_ransac_icp_voxel005_easy,real_previous_registration,1055,0.27582938388625594,0.18963641773073536,0.1977706195107505,0.11897978707866294
real_20260706_145031_table2_cluster004_table2_refined_from_identity_hard,real_previous_registration,1050,0.16380952380952382,0.1332351449349798,0.10311298728276501,0.08552561588405534
real_20260706_145031_table2_cluster004_table2_refined_from_identity_easy,real_previous_registration,1050,0.4219047619047619,0.11120523474800566,0.13533487042446912,0.12220895029570034
real_20260706_145031_table2_cluster004_table2_refined_from_identity_medium,real_previous_registration,1050,0.2619047619047619,0.14934632102975784,0.15166961490107325,0.12948636268412547
real_20260706_150131_table3_cluster004_table3_refined_from_identity_medium,real_previous_registration,1000,0.088,0.20488803457485313,0.2768673366644508,0.2357627728787333
real_20260706_150131_table3_cluster004_table3_refined_from_identity_easy,real_previous_registration,999,0.07607607607607608,0.27603616224369176,0.15232062457856257,0.0855504243868357
real_20260707_154904_ur10_choko_base_cluster016_base_refined_from_center_v2_medium,real_previous_registration,887,0.10259301014656144,0.14682754894518957,0.05271006060097521,0.033648457958774226
real_20260703_135250_rm00_0260_02_cluster029_full_refined_from_voxel005_medium,real_previous_registration,882,0.3231292517006803,0.12388851490404756,0.11284141450771044,0.05860691972461456
real_20260703_135250_rm00_0260_02_cluster029_full_refined_from_voxel005_easy,real_previous_registration,882,0.6780045351473923,0.09337029006596817,0.06453408697637188,0.0355692034661534
real_20260703_131528_rm00_0260_02_cluster022_part1_ransac_icp_voxel005_medium,real_previous_registration,881,0.3439273552780931,0.1478134199839435,0.13901728417852044,0.07279196134578034
real_20260703_131528_rm00_0260_02_cluster022_part1_ransac_icp_voxel005_hard,real_previous_registration,873,0.0882016036655212,0.19849881410323333,0.21937477499667657,0.11396984304866495
real_20260626_163327_pallet_rack_cluster022_part1_ransac_icp_voxel005_hard,real_previous_registration,848,0.07075471698113207,0.32615352305957535,0.41222579355640643,0.3006091549904944
real_20260703_131528_rm00_0260_02_cluster022_part1_ransac_icp_voxel005_easy,real_previous_registration,816,0.20588235294117646,0.1526227901099198,0.16707928604237313,0.09154252768159964
real_20260706_130424_table_cluster004_table1_refined_from_identity_scale1_hard,real_previous_registration,697,0.3299856527977044,0.1288646217265496,0.12292340217501918,0.08961609481341518
real_20260706_130424_table_cluster004_table1_refined_from_identity_scale1_medium,real_previous_registration,697,0.07890961262553801,0.21037709414016234,0.19298380400116463,0.14429884766797277
