scenario,method,lambda_gain,mean_final_rmse_all,mean_final_fitness,mean_final_rotation_error_deg,mean_final_translation_error,mean_final_alignment_error,mean_alignment_error,mean_iae_alignment,mean_ise_alignment
added_outliers,distance_weighted_icp,0.01,0.08500253780672458,0.290925925925926,11.467032940019159,0.14868080377628523,0.3483536709832014,0.3517403705833535,10.903951488083957,3.8356778543337318
added_outliers,distance_weighted_icp,0.03,0.08172517689602805,0.30388888888888893,11.329226563162914,0.13942380207099733,0.3344412445986545,0.34487903745289167,10.691250161039642,3.688546060238003
added_outliers,distance_weighted_icp,0.05,0.07839442905904376,0.32203703703703707,11.130989649568988,0.12998707356491038,0.319691399119644,0.33776326883316593,10.470661333828142,3.540224168603108
added_outliers,distance_weighted_icp,0.1,0.06960391752099064,0.37537037037037035,10.323741114659525,0.1056184235140165,0.2784597521816024,0.31872103813697983,9.880352182246375,3.165236328715681
added_outliers,distance_weighted_icp,0.2,0.04904755852424749,0.6729629629629629,7.547776900113047,0.05768651606285688,0.18221184358823483,0.27488257535876276,8.521359836121647,2.4275251166257115
added_outliers,distance_weighted_icp,0.4,0.019680370960150042,0.9994444444444445,1.4674424125016952,0.008039338019862558,0.04239413310502955,0.19158947259036738,5.939273650301389,1.442414898425822
added_outliers,distance_weighted_icp,0.75,0.015543178062210046,0.9998148148148148,0.06646370339339604,0.0006920721205363783,0.016899887216680384,0.11462885217295588,3.553494417361632,0.8147889651766856
added_outliers,distance_weighted_icp,1.0,0.015543178072937897,0.9998148148148148,0.06646401170179318,0.0006920595834944681,0.016899877773450294,0.09165671317730682,2.8413581084965114,0.632005231012209
added_outliers,mlp_weighted_icp,0.01,0.08407105963411643,0.2957407407407407,11.344488152043382,0.14497862867888148,0.3424945698334317,0.34881010790614825,10.813113345090594,3.772312965738489
added_outliers,mlp_weighted_icp,0.03,0.07879880051435395,0.31962962962962965,10.888104815288978,0.1289143044932021,0.31659415316044587,0.33599163027642737,10.415740538569247,3.503786394783639
added_outliers,mlp_weighted_icp,0.05,0.07347181227889159,0.3466666666666667,10.310618372169294,0.1137816011066692,0.29035959710725373,0.3230082835778481,10.013256790913292,3.2460201009026104
added_outliers,mlp_weighted_icp,0.1,0.059501175111737664,0.48962962962962964,8.592971617213069,0.07965465361478345,0.22508554489865182,0.29024902071579955,8.997719642189788,2.6591816766505496
added_outliers,mlp_weighted_icp,0.2,0.036321572223629355,0.8687037037037038,4.845951842822028,0.03284518498168688,0.11762627563353652,0.2290241911605496,7.099749925977037,1.7915355240673128
added_outliers,mlp_weighted_icp,0.4,0.01562563857492286,0.9998148148148148,0.1737044942093846,0.0013163689464931246,0.018679052463509833,0.14240567599137574,4.414575955732647,0.9810768115193964
added_outliers,mlp_weighted_icp,0.75,0.015543237360409379,0.9998148148148148,0.07053016615991993,0.0007071077752969164,0.016955646797305494,0.08591349896953182,2.6633184680554867,0.5565120420317787
added_outliers,mlp_weighted_icp,1.0,0.01554323736079847,0.9998148148148148,0.07053019049002339,0.0007071078965530416,0.016955647162251748,0.06996840208354009,2.1690204645897424,0.4364919404742554
added_outliers,unweighted_icp,0.01,0.08445878406933037,0.29203703703703704,11.364813205670401,0.14754144644861758,0.345648362574652,0.35036489669910287,10.861311797672187,3.8058236239951633
added_outliers,unweighted_icp,0.03,0.08016028836406991,0.31037037037037035,11.036551440206887,0.13626441577773182,0.3267902185438706,0.3409381765381152,10.569083472681571,3.6057944010398084
added_outliers,unweighted_icp,0.05,0.075944740739734,0.33185185185185184,10.64610818520156,0.12501973678200592,0.30742555937375554,0.3314387778660783,10.274602113848426,3.411915678558767
added_outliers,unweighted_icp,0.1,0.06463343899422778,0.4174074074074074,9.359080732682573,0.09561357901318775,0.25383782533424126,0.30629367569800564,9.495103946638174,2.9373389687414737
added_outliers,unweighted_icp,0.2,0.04190977472731538,0.7875925925925925,5.992739607527942,0.044629709317465995,0.1464668801200608,0.2521854020656236,7.817747464034333,2.1019041477178053
added_outliers,unweighted_icp,0.4,0.016340839336203488,0.9998148148148148,0.526559164865643,0.0030886687471918897,0.024695099732051806,0.16492664123721898,5.112725878353789,1.19068951951875
added_outliers,unweighted_icp,0.75,0.015543176420974908,0.9998148148148148,0.06629282641402214,0.0006921701879685776,0.016898274873083707,0.09876469883912775,3.0617056640129605,0.6730460719313308
added_outliers,unweighted_icp,1.0,0.015543176420968459,0.9998148148148148,0.06629273176573873,0.0006921689254585835,0.01689827266408443,0.07930839056411719,2.458560107487633,0.5222509189079189
clean,distance_weighted_icp,0.01,0.09599600619756349,0.2622222222222222,11.262474059585935,0.14559873786444663,0.35421948465786945,0.3613960480208845,11.203277488647421,4.049470290664789
clean,distance_weighted_icp,0.03,0.08799213795358961,0.28685185185185186,10.692787223703201,0.13092537677037971,0.32584538696100135,0.34717429815293305,10.762403242740925,3.7414883282737654
clean,distance_weighted_icp,0.05,0.080304308017616,0.3068518518518519,10.062629856632896,0.11663780608563547,0.2975684126695804,0.33298433599188754,10.322514415748515,3.4512023944431185
clean,distance_weighted_icp,0.1,0.06319757780588753,0.42962962962962964,8.413810047438021,0.08319478815564489,0.23053046643591266,0.2982185141431402,9.244773938437346,2.8105415373573774
clean,distance_weighted_icp,0.2,0.03727753005600875,0.8518518518518517,4.981475222211808,0.03367397901164634,0.12076626128977318,0.23562635428059397,7.304416982698413,1.8958689760663756
clean,distance_weighted_icp,0.4,0.005103015145801956,1.0,0.04560383002375354,0.00039534520992584485,0.005954398655965337,0.14153546343416362,4.387599366459072,1.0288131322427765
clean,distance_weighted_icp,0.75,0.005076087878502098,1.0,0.01563156722668255,0.00011116612241923436,0.005343569673188158,0.08032628651203655,2.490114881873133,0.5805532824447338
clean,distance_weighted_icp,1.0,0.005076087878502107,1.0,0.015631567252099732,0.00011116612227102673,0.005343569673294131,0.06283967107146604,1.9480298032154473,0.4523813811915863
clean,mlp_weighted_icp,0.01,0.09463779972727931,0.2664814814814815,11.158832071780497,0.14254075763346938,0.3487668780785536,0.3586403776521059,11.117851707215282,3.988459753437882
clean,mlp_weighted_icp,0.03,0.08420693711195515,0.29537037037037034,10.32806019627887,0.12278558327466492,0.3102731223494088,0.33912713148310214,10.512941075976167,3.5746481658921017
clean,mlp_weighted_icp,0.05,0.07465502114688129,0.3403703703703704,9.439298944255421,0.10476361416837,0.2738116247578055,0.32021435803688997,9.92664509914359,3.2036154759349365
clean,mlp_weighted_icp,0.1,0.05519916791494986,0.5387037037037037,7.265443426597382,0.06717302971791202,0.1950266318988357,0.2766919041336594,8.577449028143441,2.4573902959272793
clean,mlp_weighted_icp,0.2,0.027317081933015356,0.9662962962962963,3.1475814585890842,0.02093185894041906,0.07972475545932527,0.2054599638819082,6.369258880339154,1.5390343561311015
clean,mlp_weighted_icp,0.4,0.005076688754109667,1.0,0.0149614105292789,0.00014699715209630287,0.005373300011498759,0.11536787446854006,3.5764041085247413,0.8127497831772574
clean,mlp_weighted_icp,0.75,0.0050760903974309554,1.0,0.01580742132607129,0.00011218038056956746,0.0053463449912612366,0.06596182563032262,2.0448165945400008,0.4626505541155814
clean,mlp_weighted_icp,1.0,0.005076090397430968,1.0,0.015807421327292393,0.00011218038056224819,0.005346344991266139,0.05172573062494972,1.6034976493734412,0.36212207496485277
clean,unweighted_icp,0.01,0.09392346813289794,0.2664814814814815,10.922111394698865,0.1427081782899385,0.3458527603698251,0.35706634587306946,11.069056722065154,3.9538760892805094
clean,unweighted_icp,0.03,0.08275506052156024,0.29518518518518516,9.805529170307755,0.1234904291454932,0.304300781370131,0.3354851698968169,10.400040266801325,3.500448887143765
clean,unweighted_icp,0.05,0.07332970202886042,0.3374074074074074,8.809875703706807,0.10621835078406493,0.2676468098499934,0.31551555609154347,9.780982238837849,3.1142623574440855
clean,unweighted_icp,0.1,0.054781864161089266,0.5188888888888888,6.763179678173755,0.06982800559064402,0.19224166653347083,0.2719366878005535,8.430037321817158,2.3777102672486587
clean,unweighted_icp,0.2,0.027870699276764378,0.9655555555555555,3.1687708284371876,0.02225779554020224,0.08181620310133851,0.20292472910024087,6.290666602107467,1.4947628052965871
clean,unweighted_icp,0.4,0.005076799498628636,1.0,0.014923171814336037,0.00015036782815389932,0.005376399044925896,0.11391069680668707,3.531231601007299,0.7857190968666639
clean,unweighted_icp,0.75,0.0050760878746734205,1.0,0.015625132410979316,0.00011111662145096045,0.0053434558202341735,0.06425201701169866,1.9918125273626588,0.44105791725306226
clean,unweighted_icp,1.0,0.0050760878746734205,1.0,0.01562513241220162,0.00011111662144423594,0.005343455820239672,0.05028767015761104,1.5589177748859422,0.34454605389024645
partial_overlap,distance_weighted_icp,0.01,0.1634850174434608,0.18240740740740743,11.547321798260144,0.14396489239640978,0.42292312782247204,0.43003978697595685,13.33123339625466,5.747072382851621
partial_overlap,distance_weighted_icp,0.03,0.15341654965418242,0.21074074074074076,11.551742193540116,0.1259561611290889,0.39489013271867246,0.4158709420519306,12.891999203609847,5.378157832419084
partial_overlap,distance_weighted_icp,0.05,0.14436672236105275,0.24129629629629631,11.483050451723313,0.10884389680373165,0.3680411236820175,0.40209049669238084,12.464805397463806,5.035678657273898
partial_overlap,distance_weighted_icp,0.1,0.1259706718155121,0.33185185185185184,10.890842416394364,0.07078994524634731,0.305669041225803,0.3692678829285793,11.447304370785957,4.282799084772569
partial_overlap,distance_weighted_icp,0.2,0.10290269701643377,0.5424074074074073,8.309620295423978,0.018581013445034083,0.20457991341570766,0.31077578126518934,9.63404921922087,3.151659020363955
partial_overlap,distance_weighted_icp,0.4,0.08911888227815419,0.705925925925926,3.1072470139271124,0.025446648843694294,0.14563800126111962,0.23992616655887758,7.437711163325204,2.044260794073971
partial_overlap,distance_weighted_icp,0.75,0.08947687978736692,0.7283333333333334,1.587641866083609,0.02314572205738762,0.12849902050559067,0.19269140079468794,5.973433424635325,1.3951492241380603
partial_overlap,distance_weighted_icp,1.0,0.08966869064732663,0.7294444444444445,1.5198930706473652,0.022297184267299458,0.12716480562109975,0.17781174901618013,5.5121642195015825,1.1993623872411732
partial_overlap,mlp_weighted_icp,0.01,0.16252860927431734,0.1872222222222222,11.443884616842018,0.14204359006796496,0.4190110455107025,0.4280710924505313,13.27020386596647,5.694561497769501
partial_overlap,mlp_weighted_icp,0.03,0.15098345488375817,0.21555555555555553,11.161232721241769,0.12123216715315671,0.3838279492493326,0.41018572482902416,12.715757469699748,5.234457397875531
partial_overlap,mlp_weighted_icp,0.05,0.14104144545528036,0.25277777777777777,10.779323338364938,0.10227133668476625,0.35110601552369597,0.3930226134884442,12.18370101814177,4.81822687758088
partial_overlap,mlp_weighted_icp,0.1,0.12192361207570923,0.3774074074074074,9.439365855527933,0.06251741351945182,0.2788346841504404,0.35362003858568664,10.962221196156284,3.9517038699638802
partial_overlap,mlp_weighted_icp,0.2,0.10186393533602166,0.6274074074074073,5.814538844847861,0.014315425160156603,0.17432474894465685,0.2879720205049799,8.927132635654376,2.767536583997328
partial_overlap,mlp_weighted_icp,0.4,0.0942777017358073,0.7311111111111112,1.0027050770600427,0.008579591483741577,0.11288434399014931,0.21107967519247675,6.543469930966779,1.6905202789137175
partial_overlap,mlp_weighted_icp,0.75,0.09473123067019253,0.7288888888888888,0.6288259421983059,0.00799553479097529,0.10901502488315089,0.16569001568714778,5.136390486301582,1.1138280092236028
partial_overlap,mlp_weighted_icp,1.0,0.09473838905294385,0.7288888888888888,0.6269160705765974,0.00799163726304053,0.10899918702175036,0.15265616089376213,4.732340987706626,0.9499812377089984
partial_overlap,unweighted_icp,0.01,0.15764888468312696,0.1953703703703704,11.52555014063897,0.13413704347296063,0.4070414295624773,0.42206265166332896,13.083942201563197,5.536496822079301
partial_overlap,unweighted_icp,0.03,0.13832408511387947,0.25740740740740736,11.380398453211868,0.09867688329124191,0.35080495293724007,0.3929555031464969,12.181620597541405,4.815046865725118
partial_overlap,unweighted_icp,0.05,0.1234830675483904,0.3124074074074074,11.032365601343196,0.06917913618902516,0.3029858597508475,0.36630106850972766,11.355333123801557,4.215287173919418
partial_overlap,unweighted_icp,0.1,0.10062155899909242,0.4412962962962963,9.726250929508884,0.03264604579056868,0.23053011408474997,0.3137321805718339,9.725697597726851,3.181091265724348
partial_overlap,unweighted_icp,0.2,0.08550397077693367,0.5225925925925926,6.778663315470378,0.06014901934632969,0.2134396232779671,0.26733876322420286,8.287501659950289,2.371146690645657
partial_overlap,unweighted_icp,0.4,0.08149274547608716,0.5096296296296297,3.574152302480645,0.08574182760433512,0.20297609610522874,0.2398786521070804,7.436238215319492,1.922266230237822
partial_overlap,unweighted_icp,0.75,0.08129687380920894,0.512962962962963,2.780415907239107,0.08842569942147917,0.19752673230307916,0.22341855215772613,6.925975116889511,1.671883426529709
partial_overlap,unweighted_icp,1.0,0.0812905296292759,0.5122222222222222,2.7209235368527374,0.08823385210730689,0.19673361710511017,0.21797671309567845,6.757278105966031,1.593523675726731
static_noise,distance_weighted_icp,0.01,0.09317721960237213,0.27240740740740743,11.241095071410989,0.14599625565350097,0.351584425969983,0.35859420016191884,11.116420205019486,3.986856138331195
static_noise,distance_weighted_icp,0.03,0.08539894553390275,0.29666666666666663,10.639240686013977,0.1316572376183472,0.32344859001238974,0.34456114916617797,10.681395624151518,3.6853188574346945
static_noise,distance_weighted_icp,0.05,0.07808912203956032,0.3214814814814815,9.998418540215859,0.11787740735498588,0.2959507147967048,0.3305846681067324,10.248124711308705,3.401445007388793
static_noise,distance_weighted_icp,0.1,0.062329785273352666,0.445,8.403145098651997,0.08662816261298363,0.23298939887285627,0.29722142735570317,9.2138642480268,2.788068088456061
static_noise,distance_weighted_icp,0.2,0.03923889907696453,0.8292592592592593,5.255234251042245,0.03936272592358023,0.13115396751096722,0.23843138979695144,7.391373083705496,1.9176837071811645
static_noise,distance_weighted_icp,0.4,0.015790635066193232,0.9998148148148148,0.302444437060113,0.0021175308261929125,0.020932610262987275,0.15213801983205258,4.71627861479363,1.0662554658016485
static_noise,distance_weighted_icp,0.75,0.015544327097656454,0.9998148148148148,0.06528306297489138,0.0006899009868957394,0.016887058714301104,0.09097099702708188,2.8201009078395383,0.6006260761414434
static_noise,distance_weighted_icp,1.0,0.015544323249058536,0.9998148148148148,0.06573260136993585,0.0006914862342118958,0.016893135496969792,0.07375292728760374,2.286340745915716,0.4706700179853036
static_noise,mlp_weighted_icp,0.01,0.09187615657344629,0.27444444444444444,11.134159213342278,0.1430026275434003,0.34622037625026936,0.3558843268008261,11.03241413082561,3.927325313965485
static_noise,mlp_weighted_icp,0.03,0.08178914430201066,0.307962962962963,10.275607585715097,0.1237054846741479,0.3082507048333095,0.33666028521135827,10.436468841552106,3.522687764235142
static_noise,mlp_weighted_icp,0.05,0.07292023832016274,0.35018518518518515,9.391143953526386,0.10662678356082066,0.2734584614162473,0.3182402778505767,9.865448613367878,3.1633469900238502
static_noise,mlp_weighted_icp,0.1,0.054980813591839095,0.5422222222222223,7.333462346570904,0.07105989713732547,0.1993753341948736,0.2767466321244227,8.579145595857105,2.451109885422506
static_noise,mlp_weighted_icp,0.2,0.03147904063602478,0.9337037037037037,3.6817044629084883,0.026131148333490516,0.09442723359860017,0.2099455888265129,6.5083132536219,1.5690776775173723
static_noise,mlp_weighted_icp,0.4,0.01556079503295281,0.9998148148148148,0.08418669398674006,0.00087626362741811,0.01727892560023832,0.12605647826791944,3.9077508263055023,0.8421194497417335
static_noise,mlp_weighted_icp,0.75,0.015544397069631668,0.9998148148148148,0.06856338351260799,0.0007009734617270082,0.016931004366484755,0.07667142860263433,2.3768142866816646,0.47979727912054154
static_noise,mlp_weighted_icp,1.0,0.015544397069658843,0.9998148148148148,0.06856338433083092,0.0007009734646752777,0.016931004377642427,0.06275936652528998,1.9455403622839895,0.3776579100805085
static_noise,unweighted_icp,0.01,0.09124767046575273,0.27425925925925926,10.912371339667835,0.14331954463430838,0.3436909284967395,0.3545417632232526,10.99079465992083,3.89804490210278
static_noise,unweighted_icp,0.03,0.08060718197157561,0.30851851851851847,9.794757545887784,0.12490164542975384,0.3034564028602072,0.33360522169519413,10.341761872551016,3.4607549399339135
static_noise,unweighted_icp,0.05,0.07183930826467232,0.345,8.820821144370507,0.10863853232140903,0.2686860520297864,0.31441483346288895,9.746859837349557,3.0906906540195216
static_noise,unweighted_icp,0.1,0.05473054813270962,0.5248148148148148,6.8570504755355834,0.07433805508725765,0.1976391079753231,0.27310988768230454,8.466406518151441,2.389169361626468
static_noise,unweighted_icp,0.2,0.03222816160461491,0.93,3.696528090658171,0.02853723137111529,0.0977306738823119,0.20883411461690415,6.47385755312403,1.5423658450396676
static_noise,unweighted_icp,0.4,0.015564304237928964,0.9998148148148148,0.08964696144996874,0.0009112288186330922,0.017372002671061745,0.12570113215107648,3.8967350966833707,0.8262732877373992
static_noise,unweighted_icp,0.75,0.015544325318666188,0.9998148148148148,0.06510224721145942,0.0006904049784713578,0.01688575276925214,0.07591500016056503,2.353365004977516,0.4659867900380786
static_noise,unweighted_icp,1.0,0.015544325318666188,0.9998148148148148,0.06510224974098063,0.0006904049975636132,0.016885752813639607,0.06173871540945675,1.9139001776931595,0.3630748688736611
strong_noise,distance_weighted_icp,0.01,0.0830841176752558,0.31666666666666665,11.248191607796072,0.1472179614032628,0.3427839951564793,0.34868221194845145,10.809148570401996,3.7693913744925216
strong_noise,distance_weighted_icp,0.03,0.0772160749081955,0.3511111111111111,10.670837204273193,0.1355669531078749,0.31949140005880233,0.336954951677314,10.445603501996732,3.5231706995418737
strong_noise,distance_weighted_icp,0.05,0.07183487329887746,0.38833333333333336,10.08852221416773,0.12454395808278901,0.2972640535233438,0.3254973223602344,10.090416993167265,3.2936987486020093
strong_noise,distance_weighted_icp,0.1,0.06104579257424989,0.4746296296296297,8.755514578132084,0.10023985758084718,0.24884079593641792,0.2989402711620972,9.267148406025013,2.801970441268519
strong_noise,distance_weighted_icp,0.2,0.04564143001286378,0.7074074074074074,6.328273884293865,0.060709401161036895,0.16963357001683935,0.2533231361342048,7.853017220160351,2.083833675599515
strong_noise,distance_weighted_icp,0.4,0.03257475755530824,0.9357407407407408,2.5567246070979706,0.020325605512034342,0.07846760913832229,0.1862382251359129,5.7733849792133,1.285817132597314
strong_noise,distance_weighted_icp,0.75,0.02937641197230266,0.967962962962963,0.214218139849518,0.003227840823338145,0.034746434194135985,0.1224005386806329,3.7944166990996195,0.7415360086000655
strong_noise,distance_weighted_icp,1.0,0.029344222223730603,0.9690740740740741,0.21455245575285678,0.003041955298327454,0.034531702079586626,0.10127215258359239,3.1394367300913637,0.578562996585032
strong_noise,mlp_weighted_icp,0.01,0.08226788689510954,0.32055555555555554,11.190803721990108,0.14504580517679302,0.3392217292918036,0.3468926305242815,10.753671546252725,3.7310676373120883
strong_noise,mlp_weighted_icp,0.03,0.07503754904391717,0.36759259259259264,10.490755551069812,0.12971226549522813,0.30965737004984345,0.3318081742504213,10.286053401763061,3.418625896044725
strong_noise,mlp_weighted_icp,0.05,0.06881830727917775,0.40592592592592586,9.823039609308088,0.11602434784260834,0.283073051214867,0.3175264781822959,9.843320823651172,3.139842108896861
strong_noise,mlp_weighted_icp,0.1,0.05681820008035492,0.5377777777777778,8.322778945804027,0.08734765213545322,0.22739364167384843,0.2859621486538317,8.864826608268784,2.5795681623821323
strong_noise,mlp_weighted_icp,0.2,0.04173097300769032,0.7761111111111111,5.596477293093673,0.047916545269299136,0.14561229120792618,0.234785536455734,7.278351630127754,1.8278284845003494
strong_noise,mlp_weighted_icp,0.4,0.030789456385503827,0.954074074074074,1.6373512174279494,0.012478936871026587,0.059641905430809904,0.1658508487975162,5.141376312723001,1.082619251648423
strong_noise,mlp_weighted_icp,0.75,0.029352163135093062,0.9685185185185184,0.19430152578997054,0.002806777043580426,0.03410195543657319,0.10805502258855602,3.3497057002452366,0.6213876922721422
strong_noise,mlp_weighted_icp,1.0,0.02934558060695162,0.9681481481481482,0.24274345550439694,0.002636784459874228,0.03440979962186982,0.09023582720091451,2.79731064322835,0.48689101135815704
strong_noise,unweighted_icp,0.01,0.08184796720087371,0.3209259259259259,11.005325150900008,0.14535183185948974,0.33725305056936355,0.3458565078594094,10.721551743641692,3.708980804081913
strong_noise,unweighted_icp,0.03,0.0741709540514174,0.3696296296296296,10.048930512301636,0.1307784777579253,0.30543873693235907,0.32930428478703094,10.208432828397958,3.3683939663988376
strong_noise,unweighted_icp,0.05,0.06783572988242699,0.40111111111111103,9.215775104203596,0.1178387943226492,0.2778322752471121,0.3141023435537115,9.737172650165057,3.0749126281018833
strong_noise,unweighted_icp,0.1,0.056197555977348275,0.522962962962963,7.552443811319482,0.0908396208753038,0.22256161496584692,0.28164658457828673,8.731044121926887,2.506690074907409
strong_noise,unweighted_icp,0.2,0.04155781006391717,0.7718518518518519,5.018686937049112,0.05173659691273827,0.14348127634714658,0.23064097384676363,7.149870189249673,1.7683005145183461
strong_noise,unweighted_icp,0.4,0.030975880607466505,0.9520370370370369,1.6192007021318264,0.014902693653920912,0.062070581282705685,0.16368515668901215,5.074239857359376,1.0494117769849263
strong_noise,unweighted_icp,0.75,0.02935810208087079,0.9685185185185184,0.2174712374276152,0.003076396939948089,0.034609211395095034,0.10734035695959009,3.327551065747292,0.6027206618033959
strong_noise,unweighted_icp,1.0,0.02934233372904324,0.9687037037037037,0.23302914040090864,0.0030744126953087415,0.034747037828361076,0.0893418483562452,2.769597299043601,0.4695495252455455
